year,id_,incom16,income,rincome,happy,mntlhlth
2014,16,AVERAGE,"$25,000 or more",$20000 - 24999,2,7
2014,28,AVERAGE,"$25,000 or more",$25000 OR MORE,2,1
2014,49,AVERAGE,"$25,000 or more",$25000 OR MORE,2,2
2014,52,AVERAGE,"$25,000 or more",$25000 OR MORE,2,1
2014,56,BELOW AVERAGE,"$6,000 to $6,999",$1000 TO 2999,3,2
2014,61,AVERAGE,"$20,000 to $24,999",$20000 - 24999,2,3
2014,70,AVERAGE,"$25,000 or more",$20000 - 24999,1,14
2014,75,BELOW AVERAGE,"$25,000 or more",$25000 OR MORE,2,1
2014,89,AVERAGE,"$25,000 or more",$25000 OR MORE,3,15
2014,97,BELOW AVERAGE,"$10,000 to $14,999",.i:  Inapplicable,1,2
2014,104,AVERAGE,"$25,000 or more",$25000 OR MORE,2,4
2014,105,AVERAGE,.r:  Refused,.r:  Refused,2,2
2014,106,ABOVE AVERAGE,"$25,000 or more",$25000 OR MORE,3,1
2014,110,AVERAGE,.r:  Refused,.r:  Refused,3,2
2014,111,AVERAGE,"$25,000 or more",.i:  Inapplicable,3,3
2014,118,BELOW AVERAGE,"$25,000 or more",$25000 OR MORE,2,3
2014,120,AVERAGE,"$25,000 or more",$25000 OR MORE,1,15
2014,125,AVERAGE,"$25,000 or more",$25000 OR MORE,2,2
2014,147,AVERAGE,"$25,000 or more",$8000 TO 9999,3,1
2014,149,ABOVE AVERAGE,"$25,000 or more",$25000 OR MORE,2,7
2014,159,FAR BELOW AVERAGE,"$25,000 or more",$25000 OR MORE,1,8
2014,161,FAR BELOW AVERAGE,"$25,000 or more",$25000 OR MORE,3,2
2014,178,BELOW AVERAGE,"$25,000 or more",$3000 TO 3999,2,7
2014,181,BELOW AVERAGE,"$25,000 or more",$25000 OR MORE,2,5
2014,195,AVERAGE,"$25,000 or more",$25000 OR MORE,2,1
2014,200,ABOVE AVERAGE,"$25,000 or more",$25000 OR MORE,2,5
2014,211,FAR BELOW AVERAGE,"$20,000 to $24,999",$8000 TO 9999,3,3
2014,218,FAR BELOW AVERAGE,"$25,000 or more",$25000 OR MORE,3,1
2014,225,ABOVE AVERAGE,"$25,000 or more",$25000 OR MORE,3,1
2014,226,BELOW AVERAGE,"$25,000 or more",$20000 - 24999,2,3
2014,229,AVERAGE,"$10,000 to $14,999",$10000 - 14999,3,NA
2014,232,FAR ABOVE AVERAGE,"$25,000 or more",$25000 OR MORE,2,3
2014,244,FAR BELOW AVERAGE,"$25,000 or more",$25000 OR MORE,2,1
2014,250,FAR BELOW AVERAGE,.r:  Refused,.r:  Refused,3,5
2014,259,AVERAGE,"$25,000 or more",$25000 OR MORE,3,5
2014,275,AVERAGE,"$25,000 or more",$25000 OR MORE,3,1
2014,282,AVERAGE,"$25,000 or more",$25000 OR MORE,2,2
2014,283,AVERAGE,"$25,000 or more",$25000 OR MORE,2,1
2014,287,AVERAGE,"$25,000 or more",$25000 OR MORE,1,3
2014,304,ABOVE AVERAGE,"$25,000 or more",$25000 OR MORE,3,3
2014,305,.d:  Do not Know/Cannot Choose,"$25,000 or more",$25000 OR MORE,2,1
2014,324,FAR BELOW AVERAGE,"$25,000 or more",$25000 OR MORE,2,5
2014,325,AVERAGE,"$25,000 or more",$5000 TO 5999,2,21
2014,333,ABOVE AVERAGE,"$25,000 or more",$25000 OR MORE,2,3
2014,345,BELOW AVERAGE,"$25,000 or more",$25000 OR MORE,2,3
2014,356,FAR BELOW AVERAGE,"Under $1,000",LT $1000,2,25
2014,358,ABOVE AVERAGE,"$25,000 or more",$20000 - 24999,2,5
2014,368,ABOVE AVERAGE,"$25,000 or more",.i:  Inapplicable,2,3
2014,372,FAR BELOW AVERAGE,"$25,000 or more",$25000 OR MORE,2,1
2014,393,AVERAGE,"$25,000 or more",$25000 OR MORE,2,5
2014,417,FAR ABOVE AVERAGE,"$25,000 or more",$20000 - 24999,1,8
2014,419,AVERAGE,"$25,000 or more",$25000 OR MORE,2,2
2014,430,BELOW AVERAGE,"$25,000 or more",$7000 TO 7999,2,3
2014,436,AVERAGE,"$25,000 or more",$25000 OR MORE,3,4
2014,438,ABOVE AVERAGE,"$25,000 or more",$25000 OR MORE,3,5
2014,440,AVERAGE,"$25,000 or more",LT $1000,2,5
2014,444,AVERAGE,"$25,000 or more",$25000 OR MORE,3,3
2014,445,AVERAGE,"$20,000 to $24,999",$8000 TO 9999,2,NA
2014,449,AVERAGE,"$25,000 or more",$25000 OR MORE,2,4
2014,455,FAR ABOVE AVERAGE,"$25,000 or more",$25000 OR MORE,2,4
2014,459,BELOW AVERAGE,"$25,000 or more",.i:  Inapplicable,2,25
2014,464,ABOVE AVERAGE,.r:  Refused,.i:  Inapplicable,2,2
2014,471,ABOVE AVERAGE,"$25,000 or more",$25000 OR MORE,3,5
2014,477,AVERAGE,"$25,000 or more",$25000 OR MORE,2,3
2014,479,ABOVE AVERAGE,"$25,000 or more",$25000 OR MORE,2,1
2014,480,AVERAGE,"$25,000 or more",$25000 OR MORE,2,1
2014,490,BELOW AVERAGE,"$25,000 or more",$25000 OR MORE,2,1
2014,495,AVERAGE,"$25,000 or more",$25000 OR MORE,2,5
2014,496,AVERAGE,"$10,000 to $14,999",$10000 - 14999,2,6
2014,500,ABOVE AVERAGE,"$25,000 or more",$25000 OR MORE,3,2
2014,514,FAR BELOW AVERAGE,"$25,000 or more",$25000 OR MORE,1,15
2014,525,ABOVE AVERAGE,"$25,000 or more",$25000 OR MORE,2,2
2014,526,AVERAGE,"$25,000 or more",$25000 OR MORE,3,5
2014,532,BELOW AVERAGE,"$25,000 or more",$25000 OR MORE,2,2
2014,537,AVERAGE,"$25,000 or more",LT $1000,2,7
2014,538,ABOVE AVERAGE,"$25,000 or more",$25000 OR MORE,2,4
2014,541,FAR ABOVE AVERAGE,"$25,000 or more",$25000 OR MORE,3,1
2014,552,ABOVE AVERAGE,.r:  Refused,.r:  Refused,2,2
2014,556,AVERAGE,"$25,000 or more",$25000 OR MORE,2,5
2014,560,ABOVE AVERAGE,"$25,000 or more",$25000 OR MORE,2,5
2014,564,AVERAGE,"$25,000 or more",$25000 OR MORE,2,2
2014,567,ABOVE AVERAGE,"$25,000 or more",$25000 OR MORE,2,2
2014,587,ABOVE AVERAGE,"$25,000 or more",$25000 OR MORE,3,1
2014,588,BELOW AVERAGE,"$25,000 or more",.i:  Inapplicable,3,4
2014,591,AVERAGE,"$15,000 to $19,999",$15000 - 19999,2,1
2014,592,AVERAGE,"$25,000 or more",$25000 OR MORE,3,1
2014,605,AVERAGE,"$25,000 or more",$25000 OR MORE,2,2
2014,613,ABOVE AVERAGE,"$25,000 or more",$25000 OR MORE,3,2
2014,619,ABOVE AVERAGE,"$25,000 or more",$25000 OR MORE,3,1
2014,625,FAR BELOW AVERAGE,"$20,000 to $24,999",$20000 - 24999,1,5
2014,632,AVERAGE,"$25,000 or more",$25000 OR MORE,3,1
2014,657,ABOVE AVERAGE,"$15,000 to $19,999",$6000 TO 6999,2,3
2014,676,AVERAGE,"$7,000 to $7,999",.i:  Inapplicable,3,5
2014,697,ABOVE AVERAGE,"$25,000 or more",$25000 OR MORE,2,5
2014,712,BELOW AVERAGE,"$25,000 or more",.i:  Inapplicable,1,28
2014,718,AVERAGE,"$8,000 to $9,999",$8000 TO 9999,2,4
2014,720,AVERAGE,"$25,000 or more",$25000 OR MORE,3,5
2014,722,FAR BELOW AVERAGE,"$15,000 to $19,999",$3000 TO 3999,2,7
2014,734,BELOW AVERAGE,"$25,000 or more",$25000 OR MORE,3,2
2014,753,AVERAGE,"$10,000 to $14,999",.i:  Inapplicable,1,7
2014,756,ABOVE AVERAGE,"$25,000 or more",$25000 OR MORE,2,2
2014,785,ABOVE AVERAGE,.r:  Refused,.r:  Refused,3,3
2014,801,AVERAGE,"$25,000 or more",$25000 OR MORE,2,2
2014,805,AVERAGE,"$25,000 or more",$25000 OR MORE,1,15
2014,814,AVERAGE,"$10,000 to $14,999",$1000 TO 2999,2,5
2014,820,AVERAGE,"$25,000 or more",$25000 OR MORE,2,3
2014,827,FAR BELOW AVERAGE,"$25,000 or more",$25000 OR MORE,2,7
2014,829,ABOVE AVERAGE,"$25,000 or more",$25000 OR MORE,2,2
2014,831,AVERAGE,"$25,000 or more",$25000 OR MORE,2,7
2014,840,ABOVE AVERAGE,"$25,000 or more",$25000 OR MORE,3,2
2014,851,ABOVE AVERAGE,"$25,000 or more",$5000 TO 5999,3,2
2014,855,AVERAGE,"$25,000 or more",$1000 TO 2999,2,3
2014,862,ABOVE AVERAGE,"$25,000 or more",$25000 OR MORE,2,2
2014,863,FAR BELOW AVERAGE,"$25,000 or more",$25000 OR MORE,3,1
2014,866,BELOW AVERAGE,"$25,000 or more",$25000 OR MORE,2,2
2014,871,ABOVE AVERAGE,"$25,000 or more",$25000 OR MORE,1,2
2014,873,BELOW AVERAGE,"$25,000 or more",$25000 OR MORE,3,4
2014,881,BELOW AVERAGE,"$25,000 or more",$15000 - 19999,2,7
2014,882,AVERAGE,"$25,000 or more",$4000 TO 4999,2,5
2014,890,AVERAGE,"$25,000 or more",$20000 - 24999,2,2
2014,891,FAR BELOW AVERAGE,"$25,000 or more",$25000 OR MORE,3,2
2014,895,AVERAGE,"$25,000 or more",$25000 OR MORE,3,7
2014,897,AVERAGE,"$25,000 or more",$20000 - 24999,2,1
2014,898,ABOVE AVERAGE,"$25,000 or more",$25000 OR MORE,2,15
2014,900,FAR BELOW AVERAGE,"$20,000 to $24,999",$20000 - 24999,3,2
2014,904,AVERAGE,"$15,000 to $19,999",$15000 - 19999,2,1
2014,908,AVERAGE,"$10,000 to $14,999",.i:  Inapplicable,1,15
2014,911,FAR BELOW AVERAGE,"$25,000 or more",$20000 - 24999,2,12
2014,921,AVERAGE,"$25,000 or more",$25000 OR MORE,2,15
2014,924,BELOW AVERAGE,"$25,000 or more",$25000 OR MORE,2,1
2014,932,BELOW AVERAGE,"$25,000 or more",$25000 OR MORE,1,15
2014,942,AVERAGE,"$25,000 or more",.r:  Refused,1,3
2014,950,BELOW AVERAGE,"$25,000 or more",$25000 OR MORE,1,15
2014,970,AVERAGE,"$25,000 or more",$7000 TO 7999,3,2
2014,971,BELOW AVERAGE,"$25,000 or more",$25000 OR MORE,3,4
2014,974,AVERAGE,"$25,000 or more",$25000 OR MORE,2,7
2014,982,ABOVE AVERAGE,"$25,000 or more",$3000 TO 3999,3,8
2014,988,FAR BELOW AVERAGE,"$25,000 or more",$25000 OR MORE,3,15
2014,993,ABOVE AVERAGE,"$25,000 or more",$25000 OR MORE,2,2
2014,1000,AVERAGE,"$10,000 to $14,999",$10000 - 14999,1,15
2014,1001,AVERAGE,"$25,000 or more",$25000 OR MORE,2,1
2014,1005,AVERAGE,"$25,000 or more",$25000 OR MORE,2,24
2014,1020,AVERAGE,"$25,000 or more",$25000 OR MORE,3,15
2014,1022,AVERAGE,"$25,000 or more",$25000 OR MORE,3,15
2014,1032,AVERAGE,"$25,000 or more",$25000 OR MORE,2,5
2014,1033,BELOW AVERAGE,"$25,000 or more",$25000 OR MORE,2,2
2014,1041,FAR BELOW AVERAGE,"$20,000 to $24,999",$10000 - 14999,2,15
2014,1045,FAR BELOW AVERAGE,"$25,000 or more",$20000 - 24999,3,6
2014,1053,BELOW AVERAGE,"$25,000 or more",$25000 OR MORE,2,7
2014,1060,AVERAGE,"$25,000 or more",.r:  Refused,2,15
2014,1070,FAR BELOW AVERAGE,"$25,000 or more",$25000 OR MORE,NA,1
2014,1071,AVERAGE,"$25,000 or more",$25000 OR MORE,2,5
2014,1076,ABOVE AVERAGE,"$25,000 or more",$25000 OR MORE,2,2
2014,1102,ABOVE AVERAGE,"$25,000 or more",$20000 - 24999,2,2
2014,1103,AVERAGE,"$25,000 or more",$25000 OR MORE,3,4
2014,1111,AVERAGE,"$25,000 or more",$3000 TO 3999,2,5
2014,1118,BELOW AVERAGE,"$25,000 or more",.i:  Inapplicable,2,1
2014,1129,AVERAGE,"$25,000 or more",$25000 OR MORE,2,1
2014,1135,AVERAGE,"$25,000 or more",$25000 OR MORE,2,2
2014,1145,BELOW AVERAGE,"$25,000 or more",$25000 OR MORE,2,5
2014,1149,AVERAGE,"$25,000 or more",$25000 OR MORE,3,2
2014,1152,AVERAGE,"$8,000 to $9,999",$8000 TO 9999,2,1
2014,1154,AVERAGE,"$25,000 or more",$25000 OR MORE,2,2
2014,1170,AVERAGE,"$25,000 or more",$20000 - 24999,2,15
2014,1177,ABOVE AVERAGE,.d:  Do not Know/Cannot Choose,$10000 - 14999,1,15
2014,1179,AVERAGE,"$15,000 to $19,999",$15000 - 19999,1,2
2014,1185,AVERAGE,"$25,000 or more",$20000 - 24999,3,3
2014,1189,AVERAGE,"$10,000 to $14,999",.i:  Inapplicable,2,15
2014,1193,AVERAGE,"$25,000 or more",$25000 OR MORE,3,1
2014,1198,BELOW AVERAGE,"$25,000 or more",.i:  Inapplicable,2,7
2014,1203,BELOW AVERAGE,"$6,000 to $6,999",$1000 TO 2999,2,5
2014,1205,AVERAGE,.d:  Do not Know/Cannot Choose,.d:  Do not Know/Cannot Choose,2,4
2014,1208,BELOW AVERAGE,"$25,000 or more",$10000 - 14999,3,1
2014,1223,AVERAGE,"$6,000 to $6,999",$10000 - 14999,3,7
2014,1231,AVERAGE,"$25,000 or more",$25000 OR MORE,2,2
2014,1242,FAR BELOW AVERAGE,"$25,000 or more",$25000 OR MORE,2,15
2014,1243,ABOVE AVERAGE,"$25,000 or more",$25000 OR MORE,2,14
2014,1244,FAR BELOW AVERAGE,"$25,000 or more",$25000 OR MORE,2,5
2014,1245,BELOW AVERAGE,"$20,000 to $24,999",$20000 - 24999,1,5
2014,1253,AVERAGE,"$25,000 or more",$10000 - 14999,2,2
2014,1254,AVERAGE,"$25,000 or more",$25000 OR MORE,2,4
2014,1259,BELOW AVERAGE,"Under $1,000",$3000 TO 3999,2,15
2014,1262,AVERAGE,"$25,000 or more",.i:  Inapplicable,2,1
2014,1264,AVERAGE,"$4,000 to $4,999",$15000 - 19999,2,3
2014,1266,FAR BELOW AVERAGE,"$25,000 or more",$25000 OR MORE,2,2
2014,1270,AVERAGE,"$25,000 or more",$10000 - 14999,2,8
2014,1280,BELOW AVERAGE,"$1,000 to $2,999",.i:  Inapplicable,2,3
2014,1302,AVERAGE,"$25,000 or more",$25000 OR MORE,2,3
2014,1311,AVERAGE,"$25,000 or more",$25000 OR MORE,3,2
2014,1326,BELOW AVERAGE,"$25,000 or more",$25000 OR MORE,1,15
2014,1332,ABOVE AVERAGE,"$25,000 or more",$25000 OR MORE,2,1
2014,1337,BELOW AVERAGE,"$25,000 or more",$10000 - 14999,2,5
2014,1341,BELOW AVERAGE,"$25,000 or more",$1000 TO 2999,2,3
2014,1345,AVERAGE,"$25,000 or more",$25000 OR MORE,3,8
2014,1347,ABOVE AVERAGE,"$25,000 or more",$25000 OR MORE,2,14
2014,1362,ABOVE AVERAGE,"$25,000 or more",$25000 OR MORE,2,4
2014,1371,AVERAGE,"$25,000 or more",.i:  Inapplicable,3,1
2014,1375,AVERAGE,"$25,000 or more",$25000 OR MORE,2,5
2014,1378,AVERAGE,"$25,000 or more",$15000 - 19999,3,5
2014,1383,AVERAGE,"$25,000 or more",$25000 OR MORE,3,4
2014,1385,FAR ABOVE AVERAGE,"$25,000 or more",$15000 - 19999,2,7
2014,1406,FAR BELOW AVERAGE,"$25,000 or more",$25000 OR MORE,2,5
2014,1412,AVERAGE,"$25,000 or more",$25000 OR MORE,2,2
2014,1413,BELOW AVERAGE,"$10,000 to $14,999",.i:  Inapplicable,3,3
2014,1415,AVERAGE,"$10,000 to $14,999",$4000 TO 4999,2,15
2014,1422,AVERAGE,"$25,000 or more",$15000 - 19999,3,2
2014,1426,AVERAGE,"$25,000 or more",$25000 OR MORE,2,3
2014,1431,AVERAGE,"$25,000 or more",$25000 OR MORE,2,3
2014,1461,AVERAGE,"$10,000 to $14,999",$10000 - 14999,2,5
2014,1464,AVERAGE,"$15,000 to $19,999",$15000 - 19999,3,1
2014,1465,AVERAGE,"$20,000 to $24,999",$20000 - 24999,2,5
2014,1477,ABOVE AVERAGE,"$25,000 or more",.d:  Do not Know/Cannot Choose,2,5
2014,1506,ABOVE AVERAGE,"$25,000 or more",$25000 OR MORE,2,21
2014,1509,ABOVE AVERAGE,"$15,000 to $19,999",$15000 - 19999,2,15
2014,1519,BELOW AVERAGE,"$25,000 or more",$25000 OR MORE,2,5
2014,1526,AVERAGE,"$20,000 to $24,999",.i:  Inapplicable,1,9
2014,1536,BELOW AVERAGE,"$20,000 to $24,999",$3000 TO 3999,1,7
2014,1541,BELOW AVERAGE,.d:  Do not Know/Cannot Choose,.d:  Do not Know/Cannot Choose,2,2
2014,1544,AVERAGE,"$25,000 or more",$25000 OR MORE,1,2
2014,1549,AVERAGE,"$25,000 or more",$25000 OR MORE,2,4
2014,1550,AVERAGE,"$25,000 or more",$20000 - 24999,2,6
2014,1558,AVERAGE,"$25,000 or more",$25000 OR MORE,3,4
2014,1565,AVERAGE,"$25,000 or more",$15000 - 19999,2,6
2014,1585,FAR BELOW AVERAGE,"$25,000 or more",$25000 OR MORE,2,4
2014,1591,BELOW AVERAGE,"$25,000 or more",$25000 OR MORE,3,3
2014,1607,AVERAGE,"$25,000 or more",$25000 OR MORE,2,4
2014,1619,BELOW AVERAGE,"$25,000 or more",$25000 OR MORE,3,5
2014,1623,BELOW AVERAGE,"$25,000 or more",$20000 - 24999,2,3
2014,1628,AVERAGE,.r:  Refused,.r:  Refused,2,5
2014,1629,AVERAGE,"$25,000 or more",$15000 - 19999,2,5
2014,1632,AVERAGE,"$25,000 or more",$20000 - 24999,3,1
2014,1648,AVERAGE,"$25,000 or more",$25000 OR MORE,1,8
2014,1679,AVERAGE,"$25,000 or more",$20000 - 24999,2,14
2014,1703,AVERAGE,"$25,000 or more",$25000 OR MORE,2,5
2014,1704,AVERAGE,"$25,000 or more",$25000 OR MORE,1,4
2014,1708,AVERAGE,"$25,000 or more",$25000 OR MORE,2,5
2014,1737,BELOW AVERAGE,"$25,000 or more",$25000 OR MORE,2,5
2014,1743,ABOVE AVERAGE,"$25,000 or more",$20000 - 24999,2,4
2014,1745,AVERAGE,"$25,000 or more",$25000 OR MORE,2,2
2014,1767,ABOVE AVERAGE,"$15,000 to $19,999",$1000 TO 2999,2,12
2014,1772,AVERAGE,"$25,000 or more",$15000 - 19999,2,15
2014,1782,FAR BELOW AVERAGE,"$25,000 or more",$25000 OR MORE,3,5
2014,1783,AVERAGE,"$25,000 or more",$25000 OR MORE,2,3
2014,1800,FAR BELOW AVERAGE,"$25,000 or more",$10000 - 14999,3,3
2014,1810,BELOW AVERAGE,"$25,000 or more",$15000 - 19999,2,25
2014,1813,AVERAGE,"$25,000 or more",.r:  Refused,1,5
2014,1815,AVERAGE,"$25,000 or more",$25000 OR MORE,3,2
2014,1821,AVERAGE,"$25,000 or more",$15000 - 19999,2,3
2014,1824,AVERAGE,"$25,000 or more",$25000 OR MORE,2,1
2014,1850,BELOW AVERAGE,"$25,000 or more",.i:  Inapplicable,2,15
2014,1851,BELOW AVERAGE,"$25,000 or more",$10000 - 14999,2,1
2014,1852,AVERAGE,"$25,000 or more",$25000 OR MORE,2,5
2014,1855,AVERAGE,"$25,000 or more",$5000 TO 5999,2,5
2014,1860,ABOVE AVERAGE,"$25,000 or more",$15000 - 19999,2,2
2014,1867,AVERAGE,"$25,000 or more",$25000 OR MORE,3,2
2014,1871,BELOW AVERAGE,"$10,000 to $14,999",$15000 - 19999,2,7
2014,1877,AVERAGE,"$25,000 or more",$25000 OR MORE,2,3
2014,1881,AVERAGE,"$25,000 or more",$25000 OR MORE,2,5
2014,1893,BELOW AVERAGE,"$25,000 or more",$25000 OR MORE,2,6
2014,1896,ABOVE AVERAGE,"$25,000 or more",$25000 OR MORE,2,15
2014,1904,BELOW AVERAGE,"$6,000 to $6,999",LT $1000,3,2
2014,1910,AVERAGE,"$25,000 or more",$25000 OR MORE,2,2
2014,1912,AVERAGE,"$25,000 or more",$25000 OR MORE,3,3
2014,1913,AVERAGE,"$1,000 to $2,999",$20000 - 24999,1,5
2014,1918,BELOW AVERAGE,"$25,000 or more",$10000 - 14999,2,5
2014,1933,FAR BELOW AVERAGE,"$25,000 or more",$10000 - 14999,3,3
2014,1939,AVERAGE,"$25,000 or more",$25000 OR MORE,2,5
2014,1947,ABOVE AVERAGE,"$25,000 or more",.i:  Inapplicable,1,5
2014,1950,ABOVE AVERAGE,"$25,000 or more",$25000 OR MORE,2,2
2014,1956,FAR BELOW AVERAGE,"$25,000 or more",$25000 OR MORE,2,5
2014,1958,AVERAGE,"$25,000 or more",$25000 OR MORE,3,2
2014,1960,AVERAGE,"$25,000 or more",$25000 OR MORE,1,5
2014,1967,BELOW AVERAGE,"$25,000 or more",$10000 - 14999,3,5
2014,1973,BELOW AVERAGE,"$25,000 or more",$5000 TO 5999,3,1
2014,1974,ABOVE AVERAGE,"$1,000 to $2,999",$1000 TO 2999,3,14
2014,1998,BELOW AVERAGE,"$25,000 or more",$25000 OR MORE,3,5
2014,2001,BELOW AVERAGE,"$25,000 or more",.i:  Inapplicable,2,5
2014,2009,FAR BELOW AVERAGE,"$15,000 to $19,999",.i:  Inapplicable,1,7
2014,2043,ABOVE AVERAGE,"$25,000 or more",$25000 OR MORE,2,2
2014,2050,ABOVE AVERAGE,"$25,000 or more",$25000 OR MORE,2,4
2014,2062,AVERAGE,"$25,000 or more",.i:  Inapplicable,2,3
2014,2063,BELOW AVERAGE,"$25,000 or more",$25000 OR MORE,2,3
2014,2071,ABOVE AVERAGE,"$25,000 or more",$25000 OR MORE,2,7
2014,2072,AVERAGE,"$25,000 or more",$25000 OR MORE,2,2
2014,2080,BELOW AVERAGE,"$25,000 or more",$25000 OR MORE,3,4
2014,2084,ABOVE AVERAGE,"$10,000 to $14,999",$10000 - 14999,1,15
2014,2089,FAR BELOW AVERAGE,"$15,000 to $19,999",.i:  Inapplicable,2,2
2014,2090,BELOW AVERAGE,"$25,000 or more",$25000 OR MORE,2,2
2014,2095,AVERAGE,"$25,000 or more",$25000 OR MORE,2,1
2014,2102,AVERAGE,"$7,000 to $7,999",.i:  Inapplicable,2,3
2014,2123,AVERAGE,"$25,000 or more",$25000 OR MORE,2,1
2014,2159,ABOVE AVERAGE,"$25,000 or more",$25000 OR MORE,2,7
2014,2160,AVERAGE,"$25,000 or more",$25000 OR MORE,2,4
2014,2166,AVERAGE,"$25,000 or more",$25000 OR MORE,2,25
2014,2171,BELOW AVERAGE,"$25,000 or more",$25000 OR MORE,2,3
2014,2181,ABOVE AVERAGE,"$25,000 or more",$25000 OR MORE,2,14
2014,2189,ABOVE AVERAGE,"$25,000 or more",$25000 OR MORE,3,5
2014,2190,BELOW AVERAGE,"$25,000 or more",$25000 OR MORE,2,8
2014,2214,ABOVE AVERAGE,"$25,000 or more",$25000 OR MORE,2,3
2014,2227,BELOW AVERAGE,"$25,000 or more",$25000 OR MORE,2,2
2014,2238,AVERAGE,.r:  Refused,.d:  Do not Know/Cannot Choose,2,1
2014,2243,AVERAGE,"$25,000 or more",$25000 OR MORE,1,NA
2014,2260,BELOW AVERAGE,"$25,000 or more",.i:  Inapplicable,2,7
2014,2262,ABOVE AVERAGE,"$15,000 to $19,999",.i:  Inapplicable,2,5
2014,2274,AVERAGE,"$25,000 or more",$25000 OR MORE,3,1
2014,2300,BELOW AVERAGE,"$25,000 or more",$25000 OR MORE,2,3
2014,2302,AVERAGE,"$25,000 or more",$25000 OR MORE,3,4
2014,2319,ABOVE AVERAGE,"$20,000 to $24,999",$20000 - 24999,2,4
2014,2320,BELOW AVERAGE,"$25,000 or more",$25000 OR MORE,2,5
2014,2324,AVERAGE,"$25,000 or more",$1000 TO 2999,2,2
2014,2344,BELOW AVERAGE,"$25,000 or more",$25000 OR MORE,2,5
2014,2345,FAR BELOW AVERAGE,"$25,000 or more",.i:  Inapplicable,2,4
2014,2353,AVERAGE,.d:  Do not Know/Cannot Choose,$3000 TO 3999,2,2
2014,2357,AVERAGE,"$25,000 or more",$25000 OR MORE,2,5
2014,2363,BELOW AVERAGE,"$20,000 to $24,999",$20000 - 24999,2,2
2014,2369,BELOW AVERAGE,"$10,000 to $14,999",$10000 - 14999,2,2
2014,2378,AVERAGE,"$25,000 or more",$25000 OR MORE,2,3
2014,2383,ABOVE AVERAGE,"$20,000 to $24,999",$20000 - 24999,2,2
2014,2390,AVERAGE,"$25,000 or more",$25000 OR MORE,2,4
2014,2392,AVERAGE,"$25,000 or more",$25000 OR MORE,2,1
2014,2402,BELOW AVERAGE,"$25,000 or more",$25000 OR MORE,1,4
2014,2408,ABOVE AVERAGE,"$25,000 or more",$25000 OR MORE,2,2
2014,2410,FAR BELOW AVERAGE,"$25,000 or more",$10000 - 14999,3,2
2014,2422,BELOW AVERAGE,"$25,000 or more",$25000 OR MORE,3,15
2014,2423,AVERAGE,"$25,000 or more",$25000 OR MORE,2,5
2014,2427,FAR BELOW AVERAGE,"$25,000 or more",$25000 OR MORE,3,15
2014,2431,BELOW AVERAGE,"$4,000 to $4,999",.i:  Inapplicable,1,2
2014,2443,FAR BELOW AVERAGE,"$20,000 to $24,999",$20000 - 24999,3,14
2014,2455,BELOW AVERAGE,"$25,000 or more",$5000 TO 5999,3,4
2014,2470,BELOW AVERAGE,"$25,000 or more",$20000 - 24999,2,3
2014,2498,AVERAGE,"$10,000 to $14,999",$10000 - 14999,2,5
2014,2513,FAR ABOVE AVERAGE,"$25,000 or more",$20000 - 24999,2,2
2014,2521,BELOW AVERAGE,"$25,000 or more",.i:  Inapplicable,3,5
2014,2528,AVERAGE,"$25,000 or more",$25000 OR MORE,2,1
2014,2530,BELOW AVERAGE,"$25,000 or more",$25000 OR MORE,2,1
2014,2536,AVERAGE,"$25,000 or more",$1000 TO 2999,2,3
2014,2541,FAR BELOW AVERAGE,"$25,000 or more",$10000 - 14999,2,3
2016,2,AVERAGE,"$25,000 or more",$25000 OR MORE,2,3
2016,6,ABOVE AVERAGE,"$25,000 or more",.i:  Inapplicable,3,2
2016,8,BELOW AVERAGE,"$25,000 or more",$15000 - 19999,3,1
2016,14,BELOW AVERAGE,"$10,000 to $14,999",.i:  Inapplicable,3,NA
2016,16,FAR BELOW AVERAGE,"$25,000 or more",$25000 OR MORE,2,2
2016,30,AVERAGE,"$25,000 or more",.i:  Inapplicable,1,7
2016,36,AVERAGE,"$25,000 or more",$25000 OR MORE,1,1
2016,43,AVERAGE,"$25,000 or more",.i:  Inapplicable,2,2
2016,49,ABOVE AVERAGE,"$25,000 or more",.i:  Inapplicable,2,2
2016,51,ABOVE AVERAGE,"$25,000 or more",.i:  Inapplicable,3,3
2016,58,ABOVE AVERAGE,"$25,000 or more",$25000 OR MORE,2,1
2016,59,ABOVE AVERAGE,"$8,000 to $9,999",$8000 TO 9999,2,2
2016,85,AVERAGE,"$25,000 or more",$25000 OR MORE,2,5
2016,91,BELOW AVERAGE,"$20,000 to $24,999",.i:  Inapplicable,2,5
2016,95,AVERAGE,"$25,000 or more",$25000 OR MORE,2,NA
2016,100,ABOVE AVERAGE,"$25,000 or more",$25000 OR MORE,2,5
2016,101,FAR BELOW AVERAGE,"$25,000 or more",$25000 OR MORE,2,3
2016,123,.d:  Do not Know/Cannot Choose,.r:  Refused,.r:  Refused,2,5
2016,144,AVERAGE,"$1,000 to $2,999",.i:  Inapplicable,2,7
2016,157,BELOW AVERAGE,"$25,000 or more",$20000 - 24999,2,4
2016,167,AVERAGE,"$7,000 to $7,999",.i:  Inapplicable,1,1
2016,170,BELOW AVERAGE,.d:  Do not Know/Cannot Choose,.i:  Inapplicable,1,15
2016,172,ABOVE AVERAGE,"$15,000 to $19,999",$15000 - 19999,2,27
2016,179,AVERAGE,"$25,000 or more",$25000 OR MORE,2,3
2016,214,ABOVE AVERAGE,"$25,000 or more",.i:  Inapplicable,3,2
2016,221,AVERAGE,.d:  Do not Know/Cannot Choose,.i:  Inapplicable,2,16
2016,222,BELOW AVERAGE,"$25,000 or more",$20000 - 24999,3,3
2016,229,AVERAGE,"$25,000 or more",$25000 OR MORE,2,1
2016,238,ABOVE AVERAGE,"$25,000 or more",$10000 - 14999,2,1
2016,240,BELOW AVERAGE,"$25,000 or more",$25000 OR MORE,3,25
2016,243,AVERAGE,"$25,000 or more",$20000 - 24999,3,12
2016,247,AVERAGE,"$25,000 or more",.i:  Inapplicable,2,5
2016,250,AVERAGE,"$25,000 or more",.r:  Refused,2,15
2016,259,ABOVE AVERAGE,"$25,000 or more",$25000 OR MORE,2,6
2016,262,ABOVE AVERAGE,"Under $1,000",.i:  Inapplicable,2,4
2016,265,ABOVE AVERAGE,"$20,000 to $24,999",$10000 - 14999,2,2
2016,271,AVERAGE,"$25,000 or more",.i:  Inapplicable,3,2
2016,278,AVERAGE,"$25,000 or more",$25000 OR MORE,3,1
2016,321,BELOW AVERAGE,"$3,000 to $3,999",.i:  Inapplicable,2,3
2016,341,AVERAGE,"$25,000 or more",$25000 OR MORE,3,2
2016,351,BELOW AVERAGE,"$25,000 or more",$4000 TO 4999,3,2
2016,353,AVERAGE,"$25,000 or more",$25000 OR MORE,2,5
2016,361,ABOVE AVERAGE,"$25,000 or more",$25000 OR MORE,2,4
2016,373,BELOW AVERAGE,.r:  Refused,.r:  Refused,3,4
2016,382,AVERAGE,"$25,000 or more",$25000 OR MORE,3,4
2016,384,BELOW AVERAGE,"$25,000 or more",$25000 OR MORE,2,5
2016,385,ABOVE AVERAGE,"$25,000 or more",.i:  Inapplicable,2,2
2016,393,AVERAGE,"$25,000 or more",$25000 OR MORE,2,14
2016,401,BELOW AVERAGE,"$25,000 or more",$25000 OR MORE,2,4
2016,403,AVERAGE,"$25,000 or more",$25000 OR MORE,2,5
2016,407,AVERAGE,"$25,000 or more",.i:  Inapplicable,1,15
2016,412,ABOVE AVERAGE,"$25,000 or more",$25000 OR MORE,2,5
2016,431,FAR BELOW AVERAGE,"$25,000 or more",$25000 OR MORE,2,1
2016,432,AVERAGE,"Under $1,000",LT $1000,2,14
2016,436,AVERAGE,"$25,000 or more",$25000 OR MORE,2,5
2016,459,AVERAGE,"$25,000 or more",$25000 OR MORE,2,4
2016,461,ABOVE AVERAGE,"$25,000 or more",$25000 OR MORE,2,3
2016,463,ABOVE AVERAGE,"$25,000 or more",$25000 OR MORE,2,2
2016,473,AVERAGE,"$25,000 or more",$25000 OR MORE,1,5
2016,480,ABOVE AVERAGE,"$10,000 to $14,999",$7000 TO 7999,2,5
2016,486,FAR ABOVE AVERAGE,"$25,000 or more",$25000 OR MORE,2,15
2016,490,BELOW AVERAGE,"$25,000 or more",.i:  Inapplicable,2,2
2016,503,AVERAGE,"$15,000 to $19,999",$7000 TO 7999,2,3
2016,507,BELOW AVERAGE,"$25,000 or more",$25000 OR MORE,2,2
2016,508,AVERAGE,"$25,000 or more",.i:  Inapplicable,1,3
2016,515,AVERAGE,"$25,000 or more",$25000 OR MORE,2,5
2016,528,ABOVE AVERAGE,"$25,000 or more",$25000 OR MORE,2,6
2016,534,BELOW AVERAGE,"$25,000 or more",.i:  Inapplicable,2,5
2016,537,BELOW AVERAGE,"$25,000 or more",$25000 OR MORE,2,2
2016,540,FAR BELOW AVERAGE,"$25,000 or more",$25000 OR MORE,2,3
2016,545,ABOVE AVERAGE,"$20,000 to $24,999",.i:  Inapplicable,1,2
2016,546,AVERAGE,"$10,000 to $14,999",.i:  Inapplicable,2,2
2016,552,BELOW AVERAGE,"$1,000 to $2,999",.i:  Inapplicable,1,14
2016,560,.d:  Do not Know/Cannot Choose,.d:  Do not Know/Cannot Choose,.i:  Inapplicable,2,15
2016,595,FAR ABOVE AVERAGE,"$25,000 or more",.i:  Inapplicable,2,15
2016,601,BELOW AVERAGE,.r:  Refused,.i:  Inapplicable,2,2
2016,604,ABOVE AVERAGE,"$20,000 to $24,999",.i:  Inapplicable,1,3
2016,620,FAR BELOW AVERAGE,"$25,000 or more",$25000 OR MORE,2,3
2016,626,AVERAGE,"$25,000 or more",.i:  Inapplicable,2,5
2016,636,BELOW AVERAGE,"$25,000 or more",$25000 OR MORE,2,1
2016,641,AVERAGE,"$25,000 or more",$15000 - 19999,2,15
2016,645,BELOW AVERAGE,"$7,000 to $7,999",.i:  Inapplicable,2,1
2016,647,FAR BELOW AVERAGE,"$25,000 or more",$25000 OR MORE,2,NA
2016,657,BELOW AVERAGE,"$8,000 to $9,999",.i:  Inapplicable,2,2
2016,659,BELOW AVERAGE,"$20,000 to $24,999",$15000 - 19999,2,15
2016,661,FAR BELOW AVERAGE,.d:  Do not Know/Cannot Choose,.i:  Inapplicable,2,2
2016,669,BELOW AVERAGE,"$25,000 or more",$25000 OR MORE,1,2
2016,673,BELOW AVERAGE,"$25,000 or more",$15000 - 19999,2,5
2016,682,AVERAGE,"$25,000 or more",.i:  Inapplicable,2,7
2016,695,AVERAGE,"$6,000 to $6,999",$6000 TO 6999,2,2
2016,711,FAR BELOW AVERAGE,"$25,000 or more",$5000 TO 5999,2,1
2016,734,AVERAGE,"$4,000 to $4,999",$4000 TO 4999,2,2
2016,738,AVERAGE,"$25,000 or more",.i:  Inapplicable,2,2
2016,743,ABOVE AVERAGE,"$15,000 to $19,999",.i:  Inapplicable,2,24
2016,746,AVERAGE,.d:  Do not Know/Cannot Choose,$10000 - 14999,1,2
2016,748,ABOVE AVERAGE,"$25,000 or more",$20000 - 24999,2,3
2016,765,.d:  Do not Know/Cannot Choose,.d:  Do not Know/Cannot Choose,.i:  Inapplicable,1,7
2016,772,ABOVE AVERAGE,"$25,000 or more",.i:  Inapplicable,1,2
2016,794,FAR BELOW AVERAGE,"$25,000 or more",$1000 TO 2999,1,21
2016,801,AVERAGE,"$25,000 or more",.i:  Inapplicable,2,1
2016,810,BELOW AVERAGE,"$25,000 or more",.i:  Inapplicable,2,2
2016,811,ABOVE AVERAGE,"$25,000 or more",$1000 TO 2999,2,2
2016,815,BELOW AVERAGE,"$15,000 to $19,999",.i:  Inapplicable,2,1
2016,823,BELOW AVERAGE,"$20,000 to $24,999",.i:  Inapplicable,1,16
2016,826,FAR BELOW AVERAGE,"$25,000 or more",$10000 - 14999,2,2
2016,841,BELOW AVERAGE,"$25,000 or more",$20000 - 24999,2,2
2016,858,FAR ABOVE AVERAGE,"$25,000 or more",.i:  Inapplicable,2,15
2016,866,AVERAGE,"$25,000 or more",$25000 OR MORE,2,2
2016,870,ABOVE AVERAGE,"$25,000 or more",$25000 OR MORE,2,4
2016,877,ABOVE AVERAGE,"$25,000 or more",.i:  Inapplicable,1,7
2016,880,FAR ABOVE AVERAGE,"$25,000 or more",$25000 OR MORE,2,5
2016,886,ABOVE AVERAGE,"$25,000 or more",$25000 OR MORE,2,3
2016,888,ABOVE AVERAGE,"$25,000 or more",$25000 OR MORE,2,1
2016,904,AVERAGE,"$20,000 to $24,999",.i:  Inapplicable,2,9
2016,918,FAR BELOW AVERAGE,"$25,000 or more",.i:  Inapplicable,2,NA
2016,931,BELOW AVERAGE,"$20,000 to $24,999",.i:  Inapplicable,2,2
2016,932,AVERAGE,"$25,000 or more",.i:  Inapplicable,3,2
2016,951,FAR BELOW AVERAGE,"$25,000 or more",$1000 TO 2999,3,2
2016,953,AVERAGE,.r:  Refused,.r:  Refused,1,7
2016,956,FAR ABOVE AVERAGE,.d:  Do not Know/Cannot Choose,.i:  Inapplicable,2,2
2016,965,ABOVE AVERAGE,"$25,000 or more",$25000 OR MORE,2,5
2016,966,ABOVE AVERAGE,"$10,000 to $14,999",$6000 TO 6999,2,2
2016,982,BELOW AVERAGE,"$25,000 or more",.i:  Inapplicable,3,2
2016,983,BELOW AVERAGE,"$25,000 or more",$20000 - 24999,2,3
2016,1005,AVERAGE,"$10,000 to $14,999",.i:  Inapplicable,1,2
2016,1019,BELOW AVERAGE,"$20,000 to $24,999",$20000 - 24999,1,1
2016,1033,BELOW AVERAGE,"$25,000 or more",$25000 OR MORE,2,3
2016,1037,ABOVE AVERAGE,"$25,000 or more",$10000 - 14999,2,2
2016,1044,AVERAGE,"$25,000 or more",$10000 - 14999,3,5
2016,1050,ABOVE AVERAGE,"$25,000 or more",$25000 OR MORE,3,8
2016,1051,AVERAGE,"$25,000 or more",.i:  Inapplicable,2,2
2016,1064,AVERAGE,"$20,000 to $24,999",$20000 - 24999,2,3
2016,1070,AVERAGE,"$25,000 or more",$25000 OR MORE,2,7
2016,1074,BELOW AVERAGE,"$25,000 or more",$25000 OR MORE,2,1
2016,1089,AVERAGE,"$20,000 to $24,999",$20000 - 24999,2,1
2016,1098,FAR ABOVE AVERAGE,"$25,000 or more",$10000 - 14999,3,2
2016,1105,FAR BELOW AVERAGE,"$20,000 to $24,999",.i:  Inapplicable,2,6
2016,1108,AVERAGE,"$10,000 to $14,999",.i:  Inapplicable,2,15
2016,1112,AVERAGE,.d:  Do not Know/Cannot Choose,.d:  Do not Know/Cannot Choose,2,25
2016,1113,AVERAGE,"$25,000 or more",$25000 OR MORE,2,2
2016,1115,FAR BELOW AVERAGE,"$25,000 or more",.i:  Inapplicable,2,15
2016,1123,.d:  Do not Know/Cannot Choose,"$25,000 or more",$25000 OR MORE,3,2
2016,1128,.d:  Do not Know/Cannot Choose,"$20,000 to $24,999",$20000 - 24999,2,7
2016,1134,FAR BELOW AVERAGE,"$25,000 or more",$25000 OR MORE,2,3
2016,1149,FAR BELOW AVERAGE,"$20,000 to $24,999",.i:  Inapplicable,3,1
2016,1151,FAR BELOW AVERAGE,.d:  Do not Know/Cannot Choose,.i:  Inapplicable,2,7
2016,1164,AVERAGE,"$25,000 or more",$25000 OR MORE,2,1
2016,1172,BELOW AVERAGE,"$25,000 or more",$25000 OR MORE,2,8
2016,1179,BELOW AVERAGE,"$25,000 or more",.i:  Inapplicable,2,2
2016,1185,AVERAGE,"$1,000 to $2,999",.i:  Inapplicable,2,1
2016,1192,ABOVE AVERAGE,"$25,000 or more",$25000 OR MORE,2,4
2016,1195,ABOVE AVERAGE,"$25,000 or more",$25000 OR MORE,2,5
2016,1196,FAR ABOVE AVERAGE,"$25,000 or more",$25000 OR MORE,2,5
2016,1202,ABOVE AVERAGE,"$25,000 or more",.i:  Inapplicable,1,14
2016,1214,BELOW AVERAGE,"$20,000 to $24,999",$20000 - 24999,1,3
2016,1230,AVERAGE,"$25,000 or more",$25000 OR MORE,3,7
2016,1234,BELOW AVERAGE,"$25,000 or more",$15000 - 19999,3,3
2016,1236,AVERAGE,"$25,000 or more",$25000 OR MORE,2,4
2016,1246,AVERAGE,"$25,000 or more",$25000 OR MORE,2,5
2016,1250,AVERAGE,"$25,000 or more",$1000 TO 2999,2,15
2016,1254,ABOVE AVERAGE,.d:  Do not Know/Cannot Choose,$20000 - 24999,3,5
2016,1256,FAR BELOW AVERAGE,"$25,000 or more",.i:  Inapplicable,2,3
2016,1263,AVERAGE,"$15,000 to $19,999",$15000 - 19999,1,15
2016,1268,AVERAGE,"$15,000 to $19,999",$15000 - 19999,1,3
2016,1278,AVERAGE,"$25,000 or more",.i:  Inapplicable,2,5
2016,1284,AVERAGE,"$10,000 to $14,999",.i:  Inapplicable,2,1
2016,1296,BELOW AVERAGE,"$25,000 or more",$25000 OR MORE,2,2
2016,1302,ABOVE AVERAGE,"$25,000 or more",$20000 - 24999,2,2
2016,1303,AVERAGE,"$20,000 to $24,999",$5000 TO 5999,2,3
2016,1320,AVERAGE,"$20,000 to $24,999",.i:  Inapplicable,1,1
2016,1325,AVERAGE,.r:  Refused,.i:  Inapplicable,3,5
2016,1337,BELOW AVERAGE,"$25,000 or more",.i:  Inapplicable,2,2
2016,1345,AVERAGE,"$25,000 or more",.i:  Inapplicable,2,2
2016,1352,ABOVE AVERAGE,"$15,000 to $19,999",.i:  Inapplicable,1,3
2016,1375,FAR ABOVE AVERAGE,"$25,000 or more",LT $1000,2,6
2016,1379,.d:  Do not Know/Cannot Choose,"$10,000 to $14,999",$6000 TO 6999,2,7
2016,1382,FAR BELOW AVERAGE,"$4,000 to $4,999",.i:  Inapplicable,2,5
2016,1386,ABOVE AVERAGE,"$25,000 or more",$1000 TO 2999,3,2
2016,1389,BELOW AVERAGE,"$25,000 or more",$25000 OR MORE,3,3
2016,1391,BELOW AVERAGE,"$25,000 or more",$25000 OR MORE,2,1
2016,1393,AVERAGE,"$25,000 or more",.i:  Inapplicable,3,1
2016,1406,AVERAGE,"$25,000 or more",$25000 OR MORE,2,3
2016,1411,AVERAGE,.r:  Refused,.i:  Inapplicable,1,5
2016,1422,AVERAGE,"$25,000 or more",.i:  Inapplicable,2,4
2016,1431,ABOVE AVERAGE,"$25,000 or more",$25000 OR MORE,2,3
2016,1437,AVERAGE,"$25,000 or more",$25000 OR MORE,2,4
2016,1444,ABOVE AVERAGE,.r:  Refused,$25000 OR MORE,2,5
2016,1458,BELOW AVERAGE,"$20,000 to $24,999",.i:  Inapplicable,2,3
2016,1464,BELOW AVERAGE,"$10,000 to $14,999",$1000 TO 2999,1,2
2016,1468,AVERAGE,"$25,000 or more",$25000 OR MORE,NA,2
2016,1469,ABOVE AVERAGE,"$15,000 to $19,999",$15000 - 19999,2,1
2016,1475,ABOVE AVERAGE,"$25,000 or more",.i:  Inapplicable,2,2
2016,1507,BELOW AVERAGE,.r:  Refused,.i:  Inapplicable,3,2
2016,1508,AVERAGE,.d:  Do not Know/Cannot Choose,.d:  Do not Know/Cannot Choose,2,2
2016,1509,BELOW AVERAGE,"$25,000 or more",.i:  Inapplicable,2,7
2016,1514,BELOW AVERAGE,"$15,000 to $19,999",.i:  Inapplicable,1,1
2016,1526,AVERAGE,"$10,000 to $14,999",.i:  Inapplicable,2,1
2016,1533,AVERAGE,"$25,000 or more",$20000 - 24999,2,4
2016,1540,AVERAGE,"$15,000 to $19,999",$15000 - 19999,1,5
2016,1545,AVERAGE,"$20,000 to $24,999",.i:  Inapplicable,1,5
2016,1549,AVERAGE,"$25,000 or more",$25000 OR MORE,3,3
2016,1554,BELOW AVERAGE,"$3,000 to $3,999",.i:  Inapplicable,1,15
2016,1561,AVERAGE,.r:  Refused,.i:  Inapplicable,2,2
2016,1563,AVERAGE,"$15,000 to $19,999",.i:  Inapplicable,2,1
2016,1564,ABOVE AVERAGE,"$25,000 or more",$4000 TO 4999,2,14
2016,1566,AVERAGE,"$10,000 to $14,999",.i:  Inapplicable,2,2
2016,1568,AVERAGE,"$25,000 or more",$25000 OR MORE,2,2
2016,1570,FAR BELOW AVERAGE,"$25,000 or more",LT $1000,2,3
2016,1608,FAR BELOW AVERAGE,"$10,000 to $14,999",.i:  Inapplicable,1,2
2016,1612,ABOVE AVERAGE,"$25,000 or more",$25000 OR MORE,2,2
2016,1619,BELOW AVERAGE,"$25,000 or more",$20000 - 24999,2,3
2016,1620,ABOVE AVERAGE,"$25,000 or more",$15000 - 19999,2,3
2016,1622,ABOVE AVERAGE,"$25,000 or more",$25000 OR MORE,3,1
2016,1636,ABOVE AVERAGE,.d:  Do not Know/Cannot Choose,.i:  Inapplicable,2,2
2016,1646,AVERAGE,"$25,000 or more",.i:  Inapplicable,2,2
2016,1661,AVERAGE,"$25,000 or more",.i:  Inapplicable,2,3
2016,1670,AVERAGE,"$10,000 to $14,999",$10000 - 14999,2,14
2016,1671,ABOVE AVERAGE,"$10,000 to $14,999",$5000 TO 5999,1,2
2016,1678,AVERAGE,"$25,000 or more",$25000 OR MORE,2,1
2016,1685,AVERAGE,"$25,000 or more",$25000 OR MORE,2,3
2016,1687,BELOW AVERAGE,"$25,000 or more",$25000 OR MORE,2,1
2016,1689,AVERAGE,"$25,000 or more",.i:  Inapplicable,2,5
2016,1693,BELOW AVERAGE,"$10,000 to $14,999",.i:  Inapplicable,2,3
2016,1700,AVERAGE,"$25,000 or more",$25000 OR MORE,3,4
2016,1703,AVERAGE,"$25,000 or more",$25000 OR MORE,2,7
2016,1719,FAR BELOW AVERAGE,"$20,000 to $24,999",.i:  Inapplicable,1,3
2016,1721,AVERAGE,"$10,000 to $14,999",$7000 TO 7999,1,4
2016,1732,AVERAGE,"$5,000 to $5,999",.i:  Inapplicable,1,NA
2016,1734,FAR BELOW AVERAGE,"$25,000 or more",.i:  Inapplicable,2,NA
2016,1738,AVERAGE,.d:  Do not Know/Cannot Choose,.d:  Do not Know/Cannot Choose,2,5
2016,1742,AVERAGE,"$25,000 or more",$10000 - 14999,2,2
2016,1747,BELOW AVERAGE,"$25,000 or more",.i:  Inapplicable,2,7
2016,1752,BELOW AVERAGE,"$25,000 or more",$8000 TO 9999,1,4
2016,1755,ABOVE AVERAGE,"$25,000 or more",$25000 OR MORE,2,5
2016,1765,AVERAGE,"$3,000 to $3,999",.i:  Inapplicable,2,2
2016,1768,FAR BELOW AVERAGE,"$25,000 or more",$25000 OR MORE,1,2
2016,1780,.d:  Do not Know/Cannot Choose,"$20,000 to $24,999",$20000 - 24999,1,2
2016,1788,ABOVE AVERAGE,"$8,000 to $9,999",.i:  Inapplicable,2,1
2016,1809,AVERAGE,"Under $1,000",.i:  Inapplicable,1,15
2016,1815,AVERAGE,"$25,000 or more",.i:  Inapplicable,2,3
2016,1821,AVERAGE,"$10,000 to $14,999",.i:  Inapplicable,2,5
2016,1825,AVERAGE,"$25,000 or more",$25000 OR MORE,3,5
2016,1851,AVERAGE,"$25,000 or more",.i:  Inapplicable,2,5
2016,1859,BELOW AVERAGE,"$25,000 or more",$25000 OR MORE,2,3
2016,1861,FAR BELOW AVERAGE,"$25,000 or more",$25000 OR MORE,3,7
2016,1862,FAR BELOW AVERAGE,"$25,000 or more",$25000 OR MORE,2,8
2016,1866,.d:  Do not Know/Cannot Choose,"$25,000 or more",.i:  Inapplicable,3,5
2016,1867,BELOW AVERAGE,.d:  Do not Know/Cannot Choose,$25000 OR MORE,2,4
2016,1870,AVERAGE,"$25,000 or more",$5000 TO 5999,3,4
2016,1871,BELOW AVERAGE,"$8,000 to $9,999",.i:  Inapplicable,1,15
2016,1874,ABOVE AVERAGE,"$10,000 to $14,999",.i:  Inapplicable,2,5
2016,1885,AVERAGE,"$25,000 or more",$25000 OR MORE,2,1
2016,1887,AVERAGE,"$20,000 to $24,999",.i:  Inapplicable,2,5
2016,1894,FAR BELOW AVERAGE,.d:  Do not Know/Cannot Choose,.i:  Inapplicable,2,2
2016,1905,ABOVE AVERAGE,"$25,000 or more",.i:  Inapplicable,2,1
2016,1911,BELOW AVERAGE,"$25,000 or more",.i:  Inapplicable,1,15
2016,1914,FAR ABOVE AVERAGE,"$1,000 to $2,999",.i:  Inapplicable,2,7
2016,1916,AVERAGE,"$25,000 or more",$15000 - 19999,2,15
2016,1924,AVERAGE,"Under $1,000",.i:  Inapplicable,1,15
2016,1927,AVERAGE,"$20,000 to $24,999",.i:  Inapplicable,2,3
2016,1944,FAR BELOW AVERAGE,"Under $1,000",.i:  Inapplicable,2,7
2016,1945,BELOW AVERAGE,.d:  Do not Know/Cannot Choose,.d:  Do not Know/Cannot Choose,1,2
2016,1951,.d:  Do not Know/Cannot Choose,"$25,000 or more",$25000 OR MORE,2,1
2016,1975,ABOVE AVERAGE,"$25,000 or more",.i:  Inapplicable,2,5
2016,1976,AVERAGE,.d:  Do not Know/Cannot Choose,.i:  Inapplicable,1,NA
2016,1991,AVERAGE,"$25,000 or more",$10000 - 14999,2,7
2016,1998,FAR BELOW AVERAGE,"$25,000 or more",$25000 OR MORE,2,5
2016,2021,AVERAGE,"$25,000 or more",$20000 - 24999,1,25
2016,2027,BELOW AVERAGE,"$10,000 to $14,999",$6000 TO 6999,1,15
2016,2037,BELOW AVERAGE,"$25,000 or more",.i:  Inapplicable,2,2
2016,2040,AVERAGE,.d:  Do not Know/Cannot Choose,.i:  Inapplicable,2,5
2016,2045,BELOW AVERAGE,.d:  Do not Know/Cannot Choose,.d:  Do not Know/Cannot Choose,2,2
2016,2046,AVERAGE,"$10,000 to $14,999",.i:  Inapplicable,3,5
2016,2052,BELOW AVERAGE,"$10,000 to $14,999",.i:  Inapplicable,1,14
2016,2057,AVERAGE,"$20,000 to $24,999",$7000 TO 7999,3,5
2016,2058,BELOW AVERAGE,"$25,000 or more",$25000 OR MORE,1,15
2016,2064,AVERAGE,"$25,000 or more",.i:  Inapplicable,2,1
2016,2066,AVERAGE,"$25,000 or more",$25000 OR MORE,2,15
2016,2067,BELOW AVERAGE,"$25,000 or more",$25000 OR MORE,1,3
2016,2072,AVERAGE,"$25,000 or more",$25000 OR MORE,2,3
2016,2078,AVERAGE,"$25,000 or more",$15000 - 19999,1,15
2016,2092,ABOVE AVERAGE,"$25,000 or more",.i:  Inapplicable,3,5
2016,2101,AVERAGE,"$25,000 or more",$8000 TO 9999,2,3
2016,2106,ABOVE AVERAGE,"$15,000 to $19,999",.i:  Inapplicable,1,21
2016,2124,AVERAGE,"$25,000 or more",.i:  Inapplicable,1,5
2016,2141,BELOW AVERAGE,"$20,000 to $24,999",.i:  Inapplicable,1,3
2016,2142,AVERAGE,"$25,000 or more",$25000 OR MORE,2,4
2016,2160,FAR BELOW AVERAGE,"$20,000 to $24,999",.i:  Inapplicable,2,2
2016,2164,BELOW AVERAGE,"$25,000 or more",.i:  Inapplicable,2,2
2016,2188,FAR BELOW AVERAGE,"$25,000 or more",$25000 OR MORE,2,15
2016,2189,ABOVE AVERAGE,"$25,000 or more",$25000 OR MORE,2,2
2016,2193,ABOVE AVERAGE,"$25,000 or more",$25000 OR MORE,3,1
2016,2219,AVERAGE,"$6,000 to $6,999",$1000 TO 2999,2,3
2016,2224,FAR ABOVE AVERAGE,"$25,000 or more",$20000 - 24999,2,3
2016,2230,AVERAGE,"$25,000 or more",$25000 OR MORE,2,5
2016,2237,FAR BELOW AVERAGE,"$25,000 or more",.i:  Inapplicable,2,15
2016,2238,AVERAGE,"$25,000 or more",.i:  Inapplicable,1,1
2016,2249,BELOW AVERAGE,"Under $1,000",$3000 TO 3999,2,7
2016,2253,AVERAGE,"$4,000 to $4,999",.i:  Inapplicable,2,15
2016,2269,BELOW AVERAGE,"$25,000 or more",.i:  Inapplicable,1,4
2016,2275,AVERAGE,"$25,000 or more",$25000 OR MORE,2,1
2016,2280,ABOVE AVERAGE,.d:  Do not Know/Cannot Choose,$6000 TO 6999,1,2
2016,2306,AVERAGE,"$25,000 or more",.i:  Inapplicable,2,14
2016,2329,BELOW AVERAGE,"$10,000 to $14,999",.i:  Inapplicable,1,15
2016,2330,BELOW AVERAGE,"$6,000 to $6,999",.i:  Inapplicable,1,5
2016,2334,BELOW AVERAGE,"$4,000 to $4,999",$4000 TO 4999,1,14
2016,2350,BELOW AVERAGE,"$25,000 or more",$1000 TO 2999,2,2
2016,2351,BELOW AVERAGE,.r:  Refused,.i:  Inapplicable,2,2
2016,2354,ABOVE AVERAGE,"$25,000 or more",$25000 OR MORE,2,1
2016,2360,AVERAGE,"$25,000 or more",$25000 OR MORE,2,4
2016,2364,AVERAGE,"$25,000 or more",$25000 OR MORE,2,4
2016,2371,AVERAGE,"$25,000 or more",$25000 OR MORE,2,3
2016,2376,BELOW AVERAGE,"$25,000 or more",$25000 OR MORE,3,3
2016,2380,AVERAGE,"$20,000 to $24,999",$10000 - 14999,2,3
2016,2393,ABOVE AVERAGE,"$25,000 or more",$25000 OR MORE,2,2
2016,2396,AVERAGE,"$10,000 to $14,999",.i:  Inapplicable,2,14
2016,2401,FAR BELOW AVERAGE,"$10,000 to $14,999",.i:  Inapplicable,1,1
2016,2422,AVERAGE,"$25,000 or more",$25000 OR MORE,2,5
2016,2423,AVERAGE,"$15,000 to $19,999",$7000 TO 7999,1,1
2016,2424,BELOW AVERAGE,"$8,000 to $9,999",.i:  Inapplicable,1,3
2016,2430,AVERAGE,"$25,000 or more",$25000 OR MORE,2,3
2016,2437,ABOVE AVERAGE,"$25,000 or more",.i:  Inapplicable,2,3
2016,2439,AVERAGE,"$25,000 or more",.i:  Inapplicable,3,3
2016,2444,BELOW AVERAGE,.d:  Do not Know/Cannot Choose,.i:  Inapplicable,3,2
2016,2457,FAR BELOW AVERAGE,"$15,000 to $19,999",.i:  Inapplicable,1,2
2016,2459,BELOW AVERAGE,.r:  Refused,.i:  Inapplicable,2,2
2016,2464,BELOW AVERAGE,"$25,000 or more",.i:  Inapplicable,2,5
2016,2466,AVERAGE,"$10,000 to $14,999",.i:  Inapplicable,2,2
2016,2468,ABOVE AVERAGE,"$20,000 to $24,999",.i:  Inapplicable,3,5
2016,2474,AVERAGE,"$8,000 to $9,999",.i:  Inapplicable,2,5
2016,2480,ABOVE AVERAGE,"$20,000 to $24,999",$15000 - 19999,2,17
2016,2502,ABOVE AVERAGE,"$25,000 or more",$25000 OR MORE,2,2
2016,2504,BELOW AVERAGE,"$20,000 to $24,999",$10000 - 14999,2,5
2016,2506,ABOVE AVERAGE,"$5,000 to $5,999",.i:  Inapplicable,2,5
2016,2509,BELOW AVERAGE,"Under $1,000",$15000 - 19999,1,26
2016,2528,AVERAGE,"$25,000 or more",$25000 OR MORE,2,5
2016,2530,BELOW AVERAGE,"$20,000 to $24,999",$15000 - 19999,2,NA
2016,2539,AVERAGE,"$25,000 or more",$25000 OR MORE,2,2
2016,2542,BELOW AVERAGE,"$25,000 or more",$25000 OR MORE,2,3
2016,2555,ABOVE AVERAGE,"$25,000 or more",.i:  Inapplicable,2,2
2016,2571,AVERAGE,"$25,000 or more",$25000 OR MORE,2,3
2016,2580,ABOVE AVERAGE,"$20,000 to $24,999",$20000 - 24999,2,7
2016,2592,AVERAGE,"$25,000 or more",$25000 OR MORE,1,3
2016,2602,FAR BELOW AVERAGE,"$25,000 or more",.i:  Inapplicable,2,4
2016,2604,AVERAGE,"$25,000 or more",.i:  Inapplicable,2,2
2016,2621,AVERAGE,"$20,000 to $24,999",.i:  Inapplicable,1,3
2016,2627,ABOVE AVERAGE,"$25,000 or more",$5000 TO 5999,2,7
2016,2639,AVERAGE,"$25,000 or more",$25000 OR MORE,2,14
2016,2643,BELOW AVERAGE,"$25,000 or more",$25000 OR MORE,2,3
2016,2646,BELOW AVERAGE,"$15,000 to $19,999",$8000 TO 9999,1,15
2016,2656,AVERAGE,"$25,000 or more",$25000 OR MORE,2,2
2016,2666,AVERAGE,"$8,000 to $9,999",.i:  Inapplicable,1,15
2016,2667,AVERAGE,"$25,000 or more",$25000 OR MORE,3,2
2016,2672,BELOW AVERAGE,"$25,000 or more",$25000 OR MORE,3,4
2016,2675,ABOVE AVERAGE,"$25,000 or more",$25000 OR MORE,2,2
2016,2683,AVERAGE,"$10,000 to $14,999",.i:  Inapplicable,1,15
2016,2686,AVERAGE,"$25,000 or more",$25000 OR MORE,2,1
2016,2691,BELOW AVERAGE,"$25,000 or more",$25000 OR MORE,2,1
2016,2694,AVERAGE,"$25,000 or more",$25000 OR MORE,2,1
2016,2702,AVERAGE,"$25,000 or more",.i:  Inapplicable,3,5
2016,2710,BELOW AVERAGE,"$15,000 to $19,999",.i:  Inapplicable,2,25
2016,2712,BELOW AVERAGE,"$25,000 or more",$25000 OR MORE,2,7
2016,2716,AVERAGE,"$20,000 to $24,999",$20000 - 24999,2,15
2016,2721,FAR BELOW AVERAGE,"$25,000 or more",$25000 OR MORE,2,3
2016,2722,BELOW AVERAGE,"$25,000 or more",$10000 - 14999,2,3
2016,2725,AVERAGE,"$1,000 to $2,999",.i:  Inapplicable,1,5
2016,2735,AVERAGE,"$25,000 or more",$20000 - 24999,2,5
2016,2737,AVERAGE,"$25,000 or more",$25000 OR MORE,1,3
2016,2745,BELOW AVERAGE,"$25,000 or more",$25000 OR MORE,3,5
2016,2750,FAR BELOW AVERAGE,"$25,000 or more",$8000 TO 9999,3,14
2016,2768,BELOW AVERAGE,"$1,000 to $2,999",.i:  Inapplicable,2,2
2016,2786,AVERAGE,"$25,000 or more",$25000 OR MORE,1,5
2016,2788,FAR BELOW AVERAGE,"$8,000 to $9,999",$8000 TO 9999,3,3
2016,2797,AVERAGE,"$20,000 to $24,999",$10000 - 14999,2,2
2016,2805,ABOVE AVERAGE,"Under $1,000",LT $1000,1,15
2016,2809,FAR BELOW AVERAGE,"$20,000 to $24,999",$10000 - 14999,2,3
2016,2831,AVERAGE,"$15,000 to $19,999",.i:  Inapplicable,2,1
2016,2833,AVERAGE,"$25,000 or more",$25000 OR MORE,3,15
2016,2838,ABOVE AVERAGE,"$25,000 or more",$25000 OR MORE,2,2
2016,2842,AVERAGE,"$25,000 or more",$25000 OR MORE,2,3
2016,2849,AVERAGE,"$25,000 or more",.i:  Inapplicable,2,1
2016,2859,BELOW AVERAGE,"$25,000 or more",$25000 OR MORE,1,2
2018,3,ABOVE AVERAGE,"$25,000 or more",$25000 OR MORE,3,3
2018,4,ABOVE AVERAGE,"$25,000 or more",$25000 OR MORE,3,1
2018,8,FAR BELOW AVERAGE,"$25,000 or more",$25000 OR MORE,2,1
2018,20,BELOW AVERAGE,.d:  Do not Know/Cannot Choose,.r:  Refused,1,9
2018,24,AVERAGE,"$25,000 or more",$25000 OR MORE,3,5
2018,25,AVERAGE,"$25,000 or more",$15000 - 19999,3,1
2018,27,AVERAGE,"$25,000 or more",$25000 OR MORE,2,5
2018,36,AVERAGE,"$25,000 or more",$25000 OR MORE,3,1
2018,41,AVERAGE,"$10,000 to $14,999",$10000 - 14999,2,7
2018,46,AVERAGE,"$25,000 or more",$25000 OR MORE,1,15
2018,52,AVERAGE,"$25,000 or more",$25000 OR MORE,1,1
2018,53,FAR BELOW AVERAGE,"$25,000 or more",$25000 OR MORE,2,11
2018,60,BELOW AVERAGE,"$7,000 to $7,999",$6000 TO 6999,1,5
2018,75,AVERAGE,"$25,000 or more",$7000 TO 7999,2,5
2018,77,AVERAGE,"$25,000 or more",$25000 OR MORE,3,5
2018,82,AVERAGE,"$25,000 or more",.r:  Refused,2,3
2018,83,FAR BELOW AVERAGE,"$25,000 or more",$15000 - 19999,3,3
2018,89,ABOVE AVERAGE,"$25,000 or more",$25000 OR MORE,2,5
2018,90,AVERAGE,"$8,000 to $9,999",$8000 TO 9999,2,1
2018,91,ABOVE AVERAGE,"$25,000 or more",$25000 OR MORE,2,1
2018,92,ABOVE AVERAGE,"$25,000 or more",$15000 - 19999,1,3
2018,93,ABOVE AVERAGE,.r:  Refused,.r:  Refused,3,1
2018,96,ABOVE AVERAGE,.r:  Refused,.r:  Refused,2,15
2018,106,BELOW AVERAGE,"$25,000 or more",$25000 OR MORE,2,2
2018,119,BELOW AVERAGE,"$25,000 or more",$10000 - 14999,3,1
2018,120,AVERAGE,"$25,000 or more",$25000 OR MORE,2,1
2018,123,BELOW AVERAGE,"$25,000 or more",$10000 - 14999,2,3
2018,126,BELOW AVERAGE,"$25,000 or more",$25000 OR MORE,2,2
2018,130,ABOVE AVERAGE,"$25,000 or more",$25000 OR MORE,3,2
2018,133,AVERAGE,"$25,000 or more",$25000 OR MORE,2,2
2018,134,ABOVE AVERAGE,"$25,000 or more",$25000 OR MORE,2,3
2018,138,BELOW AVERAGE,"$25,000 or more",$25000 OR MORE,1,3
2018,140,AVERAGE,"$25,000 or more",$10000 - 14999,2,5
2018,142,ABOVE AVERAGE,"$20,000 to $24,999",$8000 TO 9999,2,3
2018,146,AVERAGE,"$25,000 or more",.i:  Inapplicable,2,3
2018,148,BELOW AVERAGE,"$10,000 to $14,999",$10000 - 14999,2,7
2018,156,AVERAGE,"$10,000 to $14,999",$1000 TO 2999,2,2
2018,160,FAR BELOW AVERAGE,"$10,000 to $14,999",$10000 - 14999,2,15
2018,163,BELOW AVERAGE,"$25,000 or more",$25000 OR MORE,2,8
2018,167,BELOW AVERAGE,"$25,000 or more",.i:  Inapplicable,3,15
2018,171,AVERAGE,"$25,000 or more",$7000 TO 7999,2,7
2018,177,ABOVE AVERAGE,"$25,000 or more",$25000 OR MORE,3,1
2018,178,FAR BELOW AVERAGE,"$25,000 or more",$25000 OR MORE,2,1
2018,179,ABOVE AVERAGE,"$25,000 or more",$25000 OR MORE,3,1
2018,181,.d:  Do not Know/Cannot Choose,.d:  Do not Know/Cannot Choose,.i:  Inapplicable,NA,NA
2018,184,ABOVE AVERAGE,"$25,000 or more",$25000 OR MORE,2,2
2018,185,AVERAGE,"$25,000 or more",$25000 OR MORE,1,3
2018,191,AVERAGE,"$25,000 or more",$25000 OR MORE,3,1
2018,196,ABOVE AVERAGE,"$25,000 or more",$25000 OR MORE,1,3
2018,197,FAR BELOW AVERAGE,"$25,000 or more",$20000 - 24999,2,1
2018,201,ABOVE AVERAGE,"$25,000 or more",$25000 OR MORE,2,14
2018,207,AVERAGE,"$25,000 or more",$25000 OR MORE,2,14
2018,220,AVERAGE,"$25,000 or more",$25000 OR MORE,3,3
2018,222,AVERAGE,"$25,000 or more",.i:  Inapplicable,2,5
2018,226,FAR BELOW AVERAGE,"$25,000 or more",$10000 - 14999,2,15
2018,228,BELOW AVERAGE,"$25,000 or more",$25000 OR MORE,2,6
2018,232,AVERAGE,"$25,000 or more",$25000 OR MORE,2,6
2018,235,AVERAGE,"$25,000 or more",$25000 OR MORE,2,5
2018,236,AVERAGE,"$25,000 or more",$25000 OR MORE,2,2
2018,242,AVERAGE,"$25,000 or more",$25000 OR MORE,2,3
2018,247,AVERAGE,"$25,000 or more",$25000 OR MORE,3,5
2018,258,BELOW AVERAGE,"$25,000 or more",.i:  Inapplicable,2,2
2018,264,AVERAGE,"$25,000 or more",.i:  Inapplicable,2,2
2018,270,BELOW AVERAGE,"$25,000 or more",$25000 OR MORE,2,2
2018,271,AVERAGE,"$25,000 or more",$25000 OR MORE,2,2
2018,273,AVERAGE,"$25,000 or more",$15000 - 19999,1,1
2018,276,AVERAGE,"$25,000 or more",$25000 OR MORE,2,3
2018,278,ABOVE AVERAGE,"$25,000 or more",$10000 - 14999,2,3
2018,281,ABOVE AVERAGE,"$25,000 or more",$25000 OR MORE,2,3
2018,291,AVERAGE,"$25,000 or more",$25000 OR MORE,3,1
2018,292,AVERAGE,.r:  Refused,.r:  Refused,3,3
2018,294,BELOW AVERAGE,"$25,000 or more",$25000 OR MORE,2,2
2018,296,AVERAGE,"$25,000 or more",$25000 OR MORE,2,2
2018,299,ABOVE AVERAGE,"$25,000 or more",$25000 OR MORE,2,2
2018,301,AVERAGE,"$25,000 or more",$25000 OR MORE,3,2
2018,316,ABOVE AVERAGE,"$25,000 or more",$25000 OR MORE,1,5
2018,331,ABOVE AVERAGE,"$25,000 or more",$15000 - 19999,2,7
2018,337,AVERAGE,"$25,000 or more",$25000 OR MORE,2,14
2018,339,AVERAGE,"$25,000 or more",$25000 OR MORE,2,2
2018,341,AVERAGE,"$25,000 or more",$25000 OR MORE,2,15
2018,363,BELOW AVERAGE,"$25,000 or more",.i:  Inapplicable,2,15
2018,365,ABOVE AVERAGE,"$25,000 or more",$25000 OR MORE,2,15
2018,368,ABOVE AVERAGE,"$25,000 or more",$25000 OR MORE,3,1
2018,369,ABOVE AVERAGE,"$25,000 or more",$25000 OR MORE,2,6
2018,371,FAR ABOVE AVERAGE,"$25,000 or more",$25000 OR MORE,2,2
2018,372,BELOW AVERAGE,"$25,000 or more",$25000 OR MORE,2,6
2018,373,AVERAGE,"$25,000 or more",$25000 OR MORE,3,5
2018,375,ABOVE AVERAGE,"$25,000 or more",$25000 OR MORE,2,2
2018,377,BELOW AVERAGE,"$25,000 or more",$5000 TO 5999,2,2
2018,386,AVERAGE,"$25,000 or more",$25000 OR MORE,2,2
2018,387,ABOVE AVERAGE,"$25,000 or more",$25000 OR MORE,2,5
2018,391,FAR BELOW AVERAGE,"$25,000 or more",.i:  Inapplicable,1,15
2018,392,ABOVE AVERAGE,"$10,000 to $14,999",.i:  Inapplicable,2,3
2018,394,BELOW AVERAGE,"$7,000 to $7,999",.i:  Inapplicable,2,2
2018,395,BELOW AVERAGE,"$25,000 or more",$25000 OR MORE,1,25
2018,401,ABOVE AVERAGE,"$25,000 or more",$25000 OR MORE,2,2
2018,410,ABOVE AVERAGE,"$25,000 or more",$25000 OR MORE,3,3
2018,423,AVERAGE,"$25,000 or more",$25000 OR MORE,2,2
2018,425,AVERAGE,"$25,000 or more",$20000 - 24999,3,1
2018,429,FAR ABOVE AVERAGE,"$25,000 or more",$25000 OR MORE,3,2
2018,441,BELOW AVERAGE,"$20,000 to $24,999",$20000 - 24999,3,2
2018,442,BELOW AVERAGE,"$25,000 or more",$25000 OR MORE,2,15
2018,446,FAR BELOW AVERAGE,"$25,000 or more",$25000 OR MORE,2,7
2018,447,BELOW AVERAGE,"$25,000 or more",$25000 OR MORE,1,5
2018,448,BELOW AVERAGE,"$25,000 or more",$25000 OR MORE,2,5
2018,454,BELOW AVERAGE,"$25,000 or more",$25000 OR MORE,3,1
2018,460,AVERAGE,"$25,000 or more",.i:  Inapplicable,2,2
2018,462,ABOVE AVERAGE,"$25,000 or more",$8000 TO 9999,3,5
2018,463,AVERAGE,"$25,000 or more",$25000 OR MORE,2,2
2018,464,ABOVE AVERAGE,"$25,000 or more",$25000 OR MORE,2,5
2018,466,AVERAGE,"$25,000 or more",$7000 TO 7999,1,4
2018,467,AVERAGE,"$25,000 or more",$25000 OR MORE,2,1
2018,469,ABOVE AVERAGE,"$25,000 or more",$25000 OR MORE,2,2
2018,472,FAR BELOW AVERAGE,"$25,000 or more",$25000 OR MORE,2,3
2018,477,BELOW AVERAGE,"$25,000 or more",$25000 OR MORE,2,5
2018,478,.d:  Do not Know/Cannot Choose,"$25,000 or more",$3000 TO 3999,1,2
2018,480,AVERAGE,"$25,000 or more",$20000 - 24999,1,15
2018,481,AVERAGE,"$25,000 or more",$25000 OR MORE,2,1
2018,482,AVERAGE,"$25,000 or more",$15000 - 19999,2,4
2018,487,AVERAGE,"$25,000 or more",$25000 OR MORE,2,3
2018,491,AVERAGE,"$25,000 or more",$25000 OR MORE,3,5
2018,493,ABOVE AVERAGE,"$25,000 or more",$25000 OR MORE,2,3
2018,496,AVERAGE,"$15,000 to $19,999",.i:  Inapplicable,2,15
2018,508,AVERAGE,"$25,000 or more",$25000 OR MORE,3,2
2018,510,ABOVE AVERAGE,"$25,000 or more",$25000 OR MORE,2,1
2018,514,ABOVE AVERAGE,"$25,000 or more",$25000 OR MORE,2,3
2018,519,BELOW AVERAGE,"$25,000 or more",$25000 OR MORE,2,7
2018,522,ABOVE AVERAGE,"$25,000 or more",$15000 - 19999,3,7
2018,524,ABOVE AVERAGE,"$15,000 to $19,999",$10000 - 14999,2,3
2018,525,ABOVE AVERAGE,"$25,000 or more",$25000 OR MORE,2,2
2018,528,BELOW AVERAGE,"$8,000 to $9,999",LT $1000,2,2
2018,530,BELOW AVERAGE,"$25,000 or more",$25000 OR MORE,2,3
2018,538,AVERAGE,"$25,000 or more",$25000 OR MORE,2,2
2018,539,AVERAGE,"$25,000 or more",$25000 OR MORE,2,5
2018,540,BELOW AVERAGE,"$25,000 or more",$25000 OR MORE,2,5
2018,541,ABOVE AVERAGE,"$25,000 or more",$25000 OR MORE,1,25
2018,545,FAR BELOW AVERAGE,"$25,000 or more",$25000 OR MORE,2,5
2018,551,ABOVE AVERAGE,"$25,000 or more",$20000 - 24999,3,1
2018,552,AVERAGE,"$25,000 or more",$25000 OR MORE,2,1
2018,553,BELOW AVERAGE,"$25,000 or more",$25000 OR MORE,2,2
2018,559,ABOVE AVERAGE,"$25,000 or more",$25000 OR MORE,2,1
2018,563,BELOW AVERAGE,"$25,000 or more",$25000 OR MORE,2,2
2018,565,FAR ABOVE AVERAGE,"$25,000 or more",$20000 - 24999,2,1
2018,572,ABOVE AVERAGE,"$25,000 or more",$25000 OR MORE,2,3
2018,573,ABOVE AVERAGE,"$25,000 or more",$25000 OR MORE,1,5
2018,578,AVERAGE,"$15,000 to $19,999",$15000 - 19999,2,2
2018,583,ABOVE AVERAGE,"$25,000 or more",$25000 OR MORE,2,8
2018,584,ABOVE AVERAGE,"$10,000 to $14,999",$20000 - 24999,2,14
2018,589,BELOW AVERAGE,"$25,000 or more",$25000 OR MORE,2,25
2018,591,.d:  Do not Know/Cannot Choose,.d:  Do not Know/Cannot Choose,.i:  Inapplicable,2,4
2018,611,FAR BELOW AVERAGE,"$15,000 to $19,999",.i:  Inapplicable,1,3
2018,622,AVERAGE,"$25,000 or more",$15000 - 19999,2,2
2018,623,ABOVE AVERAGE,"$25,000 or more",$25000 OR MORE,3,2
2018,628,AVERAGE,"$25,000 or more",$25000 OR MORE,1,7
2018,647,AVERAGE,"$25,000 or more",$25000 OR MORE,3,3
2018,648,AVERAGE,.d:  Do not Know/Cannot Choose,.i:  Inapplicable,2,2
2018,653,AVERAGE,"$25,000 or more",$25000 OR MORE,3,2
2018,654,ABOVE AVERAGE,"$25,000 or more",$25000 OR MORE,1,3
2018,664,FAR BELOW AVERAGE,"$25,000 or more",$20000 - 24999,2,5
2018,668,AVERAGE,"$25,000 or more",$7000 TO 7999,2,7
2018,670,ABOVE AVERAGE,"$25,000 or more",.i:  Inapplicable,2,5
2018,676,BELOW AVERAGE,"$25,000 or more",$20000 - 24999,2,25
2018,688,AVERAGE,.d:  Do not Know/Cannot Choose,$10000 - 14999,2,2
2018,706,AVERAGE,"$25,000 or more",$25000 OR MORE,1,3
2018,716,ABOVE AVERAGE,"$25,000 or more",$25000 OR MORE,3,3
2018,730,BELOW AVERAGE,"$25,000 or more",.i:  Inapplicable,2,5
2018,734,AVERAGE,"$25,000 or more",$25000 OR MORE,2,8
2018,735,AVERAGE,"$25,000 or more",$7000 TO 7999,3,1
2018,736,AVERAGE,"$25,000 or more",$25000 OR MORE,3,1
2018,742,AVERAGE,"$25,000 or more",$25000 OR MORE,1,1
2018,750,BELOW AVERAGE,"$25,000 or more",.i:  Inapplicable,3,14
2018,752,BELOW AVERAGE,"$25,000 or more",$25000 OR MORE,2,1
2018,754,AVERAGE,"$25,000 or more",$20000 - 24999,1,16
2018,756,ABOVE AVERAGE,"$25,000 or more",.i:  Inapplicable,1,1
2018,762,AVERAGE,"$25,000 or more",$25000 OR MORE,3,7
2018,764,ABOVE AVERAGE,"$25,000 or more",$3000 TO 3999,2,3
2018,766,BELOW AVERAGE,"$25,000 or more",$25000 OR MORE,2,2
2018,769,BELOW AVERAGE,"$25,000 or more",$25000 OR MORE,2,2
2018,770,AVERAGE,"$25,000 or more",$10000 - 14999,2,5
2018,775,ABOVE AVERAGE,"$25,000 or more",$25000 OR MORE,2,5
2018,776,ABOVE AVERAGE,"$25,000 or more",$15000 - 19999,2,5
2018,779,BELOW AVERAGE,"$25,000 or more",$25000 OR MORE,2,3
2018,785,FAR BELOW AVERAGE,"$25,000 or more",$25000 OR MORE,2,1
2018,789,AVERAGE,"$25,000 or more",$25000 OR MORE,2,22
2018,790,ABOVE AVERAGE,"$25,000 or more",$25000 OR MORE,2,12
2018,793,AVERAGE,"$25,000 or more",$25000 OR MORE,2,5
2018,796,ABOVE AVERAGE,"$20,000 to $24,999",.i:  Inapplicable,1,5
2018,798,ABOVE AVERAGE,"$25,000 or more",$10000 - 14999,2,25
2018,799,BELOW AVERAGE,"$25,000 or more",$25000 OR MORE,3,3
2018,802,AVERAGE,.d:  Do not Know/Cannot Choose,$20000 - 24999,3,7
2018,803,BELOW AVERAGE,"$20,000 to $24,999",$5000 TO 5999,3,NA
2018,804,AVERAGE,"$25,000 or more",$10000 - 14999,2,4
2018,805,BELOW AVERAGE,"$25,000 or more",$20000 - 24999,2,5
2018,808,BELOW AVERAGE,"$25,000 or more",$25000 OR MORE,2,1
2018,809,AVERAGE,"$25,000 or more",$25000 OR MORE,1,4
2018,813,ABOVE AVERAGE,"$25,000 or more",.i:  Inapplicable,2,7
2018,815,AVERAGE,"$7,000 to $7,999",$7000 TO 7999,3,1
2018,827,AVERAGE,.r:  Refused,.i:  Inapplicable,2,2
2018,839,AVERAGE,"$25,000 or more",$25000 OR MORE,2,12
2018,849,AVERAGE,.d:  Do not Know/Cannot Choose,$10000 - 14999,2,3
2018,856,ABOVE AVERAGE,"$25,000 or more",$25000 OR MORE,3,5
2018,873,FAR BELOW AVERAGE,"$25,000 or more",$10000 - 14999,3,3
2018,882,ABOVE AVERAGE,"$25,000 or more",$20000 - 24999,2,3
2018,902,ABOVE AVERAGE,"$25,000 or more",$25000 OR MORE,2,3
2018,907,AVERAGE,"$5,000 to $5,999",$1000 TO 2999,2,8
2018,916,BELOW AVERAGE,"$25,000 or more",$25000 OR MORE,2,4
2018,918,AVERAGE,"$25,000 or more",$25000 OR MORE,2,2
2018,927,BELOW AVERAGE,"$25,000 or more",.i:  Inapplicable,1,3
2018,935,FAR ABOVE AVERAGE,"$25,000 or more",$25000 OR MORE,2,5
2018,939,BELOW AVERAGE,"$25,000 or more",$1000 TO 2999,3,1
2018,941,FAR BELOW AVERAGE,"$25,000 or more",$25000 OR MORE,2,3
2018,950,ABOVE AVERAGE,.d:  Do not Know/Cannot Choose,.d:  Do not Know/Cannot Choose,2,4
2018,953,BELOW AVERAGE,"$25,000 or more",$25000 OR MORE,2,12
2018,961,AVERAGE,"$25,000 or more",$25000 OR MORE,1,2
2018,963,ABOVE AVERAGE,"$25,000 or more",$25000 OR MORE,2,2
2018,965,ABOVE AVERAGE,"$25,000 or more",$25000 OR MORE,2,5
2018,968,AVERAGE,"$25,000 or more",$25000 OR MORE,2,4
2018,971,AVERAGE,"$25,000 or more",$25000 OR MORE,1,2
2018,978,AVERAGE,"$25,000 or more",$25000 OR MORE,3,2
2018,980,AVERAGE,"$25,000 or more",$25000 OR MORE,2,5
2018,982,AVERAGE,"$25,000 or more",$25000 OR MORE,2,2
2018,985,ABOVE AVERAGE,"$25,000 or more",$25000 OR MORE,2,4
2018,988,ABOVE AVERAGE,"$25,000 or more",$25000 OR MORE,3,7
2018,992,AVERAGE,"$25,000 or more",$10000 - 14999,1,15
2018,995,BELOW AVERAGE,"$25,000 or more",$25000 OR MORE,2,4
2018,996,ABOVE AVERAGE,"$15,000 to $19,999",$15000 - 19999,1,1
2018,998,BELOW AVERAGE,"$25,000 or more",.i:  Inapplicable,2,2
2018,1000,AVERAGE,"$25,000 or more",$25000 OR MORE,2,3
2018,1001,ABOVE AVERAGE,"$25,000 or more",.i:  Inapplicable,2,1
2018,1008,AVERAGE,"$25,000 or more",$25000 OR MORE,2,3
2018,1011,AVERAGE,"$25,000 or more",$15000 - 19999,1,29
2018,1013,BELOW AVERAGE,"$25,000 or more",$25000 OR MORE,2,2
2018,1014,BELOW AVERAGE,"$25,000 or more",$25000 OR MORE,2,15
2018,1015,AVERAGE,"$25,000 or more",$25000 OR MORE,2,2
2018,1021,AVERAGE,"$25,000 or more",$25000 OR MORE,2,15
2018,1022,ABOVE AVERAGE,"$25,000 or more",$20000 - 24999,2,2
2018,1030,AVERAGE,"$25,000 or more",$25000 OR MORE,2,2
2018,1034,BELOW AVERAGE,"$25,000 or more",$25000 OR MORE,1,15
2018,1036,BELOW AVERAGE,"$25,000 or more",$25000 OR MORE,3,3
2018,1038,AVERAGE,"$25,000 or more",$25000 OR MORE,2,2
2018,1040,BELOW AVERAGE,"$25,000 or more",$25000 OR MORE,3,2
2018,1045,ABOVE AVERAGE,"$25,000 or more",$25000 OR MORE,2,14
2018,1054,BELOW AVERAGE,"$10,000 to $14,999",$10000 - 14999,2,18
2018,1060,AVERAGE,"$25,000 or more",$3000 TO 3999,3,2
2018,1061,BELOW AVERAGE,"$25,000 or more",$10000 - 14999,2,3
2018,1082,AVERAGE,"$25,000 or more",$25000 OR MORE,2,7
2018,1086,AVERAGE,"$25,000 or more",$25000 OR MORE,2,5
2018,1093,ABOVE AVERAGE,.r:  Refused,.i:  Inapplicable,3,1
2018,1096,ABOVE AVERAGE,"$25,000 or more",$25000 OR MORE,1,2
2018,1098,ABOVE AVERAGE,"$25,000 or more",$25000 OR MORE,2,5
2018,1102,BELOW AVERAGE,"$20,000 to $24,999",$1000 TO 2999,2,14
2018,1103,AVERAGE,.r:  Refused,.r:  Refused,2,15
2018,1107,AVERAGE,"$25,000 or more",$25000 OR MORE,2,2
2018,1110,BELOW AVERAGE,"$20,000 to $24,999",.i:  Inapplicable,2,5
2018,1111,AVERAGE,"$25,000 or more",$25000 OR MORE,2,3
2018,1114,BELOW AVERAGE,"$25,000 or more",$10000 - 14999,2,4
2018,1117,ABOVE AVERAGE,"$25,000 or more",$20000 - 24999,2,15
2018,1121,ABOVE AVERAGE,"$25,000 or more",$6000 TO 6999,2,2
2018,1123,BELOW AVERAGE,"$25,000 or more",$25000 OR MORE,2,15
2018,1125,ABOVE AVERAGE,"$15,000 to $19,999",$4000 TO 4999,2,3
2018,1129,AVERAGE,"$20,000 to $24,999",.i:  Inapplicable,2,5
2018,1131,AVERAGE,.d:  Do not Know/Cannot Choose,.i:  Inapplicable,1,3
2018,1138,BELOW AVERAGE,"$25,000 or more",$25000 OR MORE,1,2
2018,1145,AVERAGE,"$25,000 or more",$25000 OR MORE,2,6
2018,1149,FAR BELOW AVERAGE,.d:  Do not Know/Cannot Choose,$15000 - 19999,2,3
2018,1150,AVERAGE,"$10,000 to $14,999",.i:  Inapplicable,1,15
2018,1155,BELOW AVERAGE,"$25,000 or more",$25000 OR MORE,2,1
2018,1157,BELOW AVERAGE,"$25,000 or more",$15000 - 19999,2,5
2018,1172,.d:  Do not Know/Cannot Choose,"$25,000 or more",$25000 OR MORE,1,4
2018,1174,FAR ABOVE AVERAGE,"$25,000 or more",$25000 OR MORE,2,4
2018,1182,BELOW AVERAGE,"$25,000 or more",$25000 OR MORE,1,3
2018,1183,AVERAGE,"$25,000 or more",$25000 OR MORE,2,2
2018,1190,FAR ABOVE AVERAGE,"$25,000 or more",$25000 OR MORE,2,1
2018,1193,AVERAGE,"$25,000 or more",$25000 OR MORE,2,1
2018,1197,AVERAGE,"$25,000 or more",$25000 OR MORE,2,3
2018,1201,AVERAGE,"$25,000 or more",$20000 - 24999,2,7
2018,1207,BELOW AVERAGE,"$25,000 or more",.i:  Inapplicable,3,4
2018,1214,ABOVE AVERAGE,"$25,000 or more",$25000 OR MORE,3,1
2018,1215,BELOW AVERAGE,"$3,000 to $3,999",$3000 TO 3999,2,7
2018,1218,AVERAGE,"$25,000 or more",.i:  Inapplicable,2,15
2018,1221,BELOW AVERAGE,"$25,000 or more",$25000 OR MORE,3,1
2018,1223,BELOW AVERAGE,"$25,000 or more",$25000 OR MORE,3,2
2018,1228,FAR BELOW AVERAGE,"$25,000 or more",$25000 OR MORE,3,5
2018,1234,ABOVE AVERAGE,"$25,000 or more",$20000 - 24999,1,1
2018,1235,AVERAGE,"$25,000 or more",.i:  Inapplicable,3,3
2018,1244,BELOW AVERAGE,"$20,000 to $24,999",.i:  Inapplicable,2,3
2018,1245,AVERAGE,"$25,000 or more",$10000 - 14999,2,3
2018,1254,AVERAGE,"$25,000 or more",$20000 - 24999,2,2
2018,1259,AVERAGE,.d:  Do not Know/Cannot Choose,.i:  Inapplicable,2,NA
2018,1263,ABOVE AVERAGE,"$25,000 or more",$25000 OR MORE,2,2
2018,1266,AVERAGE,"$25,000 or more",$25000 OR MORE,2,5
2018,1267,AVERAGE,"$25,000 or more",$25000 OR MORE,1,3
2018,1274,AVERAGE,"$20,000 to $24,999",$20000 - 24999,1,2
2018,1282,FAR BELOW AVERAGE,"$25,000 or more",$25000 OR MORE,2,15
2018,1284,FAR BELOW AVERAGE,"$25,000 or more",$25000 OR MORE,2,15
2018,1287,ABOVE AVERAGE,"$25,000 or more",$25000 OR MORE,3,2
2018,1299,AVERAGE,"$3,000 to $3,999",.i:  Inapplicable,2,3
2018,1301,ABOVE AVERAGE,"$25,000 or more",$25000 OR MORE,2,5
2018,1309,ABOVE AVERAGE,"$25,000 or more",.i:  Inapplicable,1,3
2018,1312,AVERAGE,"$15,000 to $19,999",$10000 - 14999,2,5
2018,1318,AVERAGE,"$25,000 or more",.i:  Inapplicable,3,1
2018,1325,AVERAGE,"$20,000 to $24,999",$20000 - 24999,2,3
2018,1328,AVERAGE,"$25,000 or more",$25000 OR MORE,2,3
2018,1332,BELOW AVERAGE,"$25,000 or more",$10000 - 14999,3,5
2018,1347,BELOW AVERAGE,"$25,000 or more",$25000 OR MORE,2,5
2018,1352,AVERAGE,"$25,000 or more",$25000 OR MORE,3,2
2018,1354,AVERAGE,"$25,000 or more",$25000 OR MORE,2,5
2018,1360,BELOW AVERAGE,"$25,000 or more",$5000 TO 5999,2,8
2018,1371,FAR BELOW AVERAGE,"$25,000 or more",$25000 OR MORE,1,NA
2018,1372,ABOVE AVERAGE,"$25,000 or more",$25000 OR MORE,2,2
2018,1373,ABOVE AVERAGE,"$25,000 or more",.i:  Inapplicable,2,1
2018,1374,BELOW AVERAGE,"$25,000 or more",$25000 OR MORE,2,2
2018,1375,BELOW AVERAGE,"$25,000 or more",$25000 OR MORE,2,4
2018,1376,AVERAGE,"$25,000 or more",$25000 OR MORE,2,14
2018,1387,BELOW AVERAGE,"$15,000 to $19,999",$10000 - 14999,2,6
2018,1392,ABOVE AVERAGE,"$25,000 or more",$6000 TO 6999,2,3
2018,1401,FAR BELOW AVERAGE,"Under $1,000",$25000 OR MORE,2,NA
2018,1403,ABOVE AVERAGE,"$25,000 or more",$20000 - 24999,3,3
2018,1404,BELOW AVERAGE,"$25,000 or more",$25000 OR MORE,1,14
2018,1422,AVERAGE,"$10,000 to $14,999",.i:  Inapplicable,2,1
2018,1424,AVERAGE,"$25,000 or more",$25000 OR MORE,2,4
2018,1426,AVERAGE,.d:  Do not Know/Cannot Choose,$5000 TO 5999,2,4
2018,1429,BELOW AVERAGE,.d:  Do not Know/Cannot Choose,$25000 OR MORE,2,3
2018,1432,BELOW AVERAGE,"$25,000 or more",$25000 OR MORE,2,2
2018,1443,ABOVE AVERAGE,"$25,000 or more",$25000 OR MORE,2,15
2018,1446,ABOVE AVERAGE,"$25,000 or more",$25000 OR MORE,2,1
2018,1451,BELOW AVERAGE,"$25,000 or more",$25000 OR MORE,3,5
2018,1454,AVERAGE,"$25,000 or more",$25000 OR MORE,2,15
2018,1458,FAR BELOW AVERAGE,"$25,000 or more",$25000 OR MORE,1,3
2018,1460,ABOVE AVERAGE,"$25,000 or more",$25000 OR MORE,2,3
2018,1468,AVERAGE,"$25,000 or more",$25000 OR MORE,2,2
2018,1470,AVERAGE,"$7,000 to $7,999",LT $1000,2,4
2018,1472,FAR BELOW AVERAGE,"$25,000 or more",$25000 OR MORE,1,1
2018,1473,ABOVE AVERAGE,"$25,000 or more",$25000 OR MORE,1,1
2018,1475,FAR BELOW AVERAGE,"$25,000 or more",$15000 - 19999,1,4
2018,1479,AVERAGE,"$25,000 or more",$25000 OR MORE,2,4
2018,1490,BELOW AVERAGE,"$25,000 or more",$25000 OR MORE,2,4
2018,1496,FAR BELOW AVERAGE,"$25,000 or more",$1000 TO 2999,2,5
2018,1511,AVERAGE,"$25,000 or more",$25000 OR MORE,3,5
2018,1521,AVERAGE,"$10,000 to $14,999",$4000 TO 4999,1,6
2018,1533,BELOW AVERAGE,"$25,000 or more",$25000 OR MORE,2,5
2018,1538,AVERAGE,"Under $1,000",LT $1000,1,2
2018,1539,FAR BELOW AVERAGE,"$15,000 to $19,999",$15000 - 19999,2,2
2018,1552,BELOW AVERAGE,"$25,000 or more",$20000 - 24999,2,14
2018,1560,AVERAGE,"$15,000 to $19,999",$15000 - 19999,2,7
2018,1564,AVERAGE,"$25,000 or more",$20000 - 24999,2,5
2018,1569,ABOVE AVERAGE,"$10,000 to $14,999",$10000 - 14999,2,15
2018,1578,ABOVE AVERAGE,"$25,000 or more",$25000 OR MORE,2,2
2018,1579,AVERAGE,"$25,000 or more",$25000 OR MORE,2,4
2018,1581,FAR BELOW AVERAGE,"$25,000 or more",.i:  Inapplicable,2,14
2018,1600,BELOW AVERAGE,"$25,000 or more",$25000 OR MORE,3,6
2018,1602,FAR BELOW AVERAGE,"$20,000 to $24,999",$8000 TO 9999,2,7
2018,1603,.d:  Do not Know/Cannot Choose,.d:  Do not Know/Cannot Choose,.i:  Inapplicable,2,1
2018,1606,AVERAGE,"$25,000 or more",$25000 OR MORE,2,2
2018,1607,ABOVE AVERAGE,.d:  Do not Know/Cannot Choose,.d:  Do not Know/Cannot Choose,2,1
2018,1609,FAR ABOVE AVERAGE,"$25,000 or more",$25000 OR MORE,2,15
2018,1615,ABOVE AVERAGE,.d:  Do not Know/Cannot Choose,$1000 TO 2999,3,1
2018,1620,AVERAGE,"$25,000 or more",$25000 OR MORE,3,3
2018,1621,BELOW AVERAGE,"$25,000 or more",.i:  Inapplicable,2,14
2018,1622,ABOVE AVERAGE,"$25,000 or more",$25000 OR MORE,2,5
2018,1639,AVERAGE,"$20,000 to $24,999",$20000 - 24999,2,1
2018,1649,ABOVE AVERAGE,"$25,000 or more",$25000 OR MORE,2,5
2018,1659,BELOW AVERAGE,"$25,000 or more",$25000 OR MORE,2,1
2018,1665,AVERAGE,"$25,000 or more",$25000 OR MORE,2,7
2018,1667,AVERAGE,"$25,000 or more",$25000 OR MORE,2,3
2018,1670,FAR BELOW AVERAGE,"$25,000 or more",$25000 OR MORE,3,1
2018,1671,AVERAGE,"$25,000 or more",$25000 OR MORE,1,15
2018,1682,AVERAGE,"$25,000 or more",$25000 OR MORE,2,6
2018,1687,BELOW AVERAGE,"$25,000 or more",.i:  Inapplicable,1,15
2018,1689,BELOW AVERAGE,"Under $1,000",.i:  Inapplicable,1,2
2018,1694,FAR BELOW AVERAGE,"$25,000 or more",$25000 OR MORE,2,25
2018,1708,AVERAGE,"$25,000 or more",$25000 OR MORE,2,5
2018,1730,BELOW AVERAGE,"$25,000 or more",$25000 OR MORE,2,2
2018,1732,AVERAGE,"$25,000 or more",.i:  Inapplicable,3,1
2018,1737,AVERAGE,"$25,000 or more",$25000 OR MORE,2,12
2018,1744,AVERAGE,"$25,000 or more",$25000 OR MORE,2,5
2018,1747,BELOW AVERAGE,"$10,000 to $14,999",$3000 TO 3999,3,3
2018,1749,BELOW AVERAGE,"$20,000 to $24,999",$20000 - 24999,2,2
2018,1751,BELOW AVERAGE,"$25,000 or more",$10000 - 14999,2,5
2018,1766,AVERAGE,"$25,000 or more",.i:  Inapplicable,2,5
2018,1768,BELOW AVERAGE,"$25,000 or more",$25000 OR MORE,2,2
2018,1784,AVERAGE,"$20,000 to $24,999",LT $1000,2,1
2018,1785,BELOW AVERAGE,"$25,000 or more",$25000 OR MORE,2,2
2018,1797,AVERAGE,"$25,000 or more",$25000 OR MORE,2,1
2018,1805,FAR BELOW AVERAGE,"$25,000 or more",$25000 OR MORE,3,3
2018,1818,ABOVE AVERAGE,"$25,000 or more",$25000 OR MORE,2,4
2018,1825,AVERAGE,"$25,000 or more",$25000 OR MORE,3,15
2018,1827,AVERAGE,"$25,000 or more",$25000 OR MORE,2,2
2018,1829,AVERAGE,"$25,000 or more",$25000 OR MORE,2,2
2018,1836,AVERAGE,"$20,000 to $24,999",.i:  Inapplicable,1,12
2018,1841,AVERAGE,"$15,000 to $19,999",$15000 - 19999,2,5
2018,1846,AVERAGE,"$10,000 to $14,999",$10000 - 14999,2,15
2018,1852,ABOVE AVERAGE,"$1,000 to $2,999",$3000 TO 3999,1,4
2018,1861,AVERAGE,"$7,000 to $7,999",.i:  Inapplicable,2,15
2018,1870,FAR BELOW AVERAGE,"$25,000 or more",$25000 OR MORE,1,2
2018,1881,AVERAGE,"$10,000 to $14,999",.i:  Inapplicable,3,7
2018,1886,BELOW AVERAGE,"$25,000 or more",$25000 OR MORE,1,4
2018,1889,AVERAGE,"$25,000 or more",$25000 OR MORE,2,4
2018,1896,BELOW AVERAGE,"$20,000 to $24,999",$20000 - 24999,2,5
2018,1905,AVERAGE,"$10,000 to $14,999",$3000 TO 3999,1,5
2018,1910,AVERAGE,"$25,000 or more",$25000 OR MORE,3,2
2018,1912,AVERAGE,"$25,000 or more",$25000 OR MORE,2,1
2018,1920,AVERAGE,"$25,000 or more",$25000 OR MORE,3,2
2018,1921,AVERAGE,"$25,000 or more",.i:  Inapplicable,2,7
2018,1922,AVERAGE,"$25,000 or more",$25000 OR MORE,2,1
2018,1925,BELOW AVERAGE,"$25,000 or more",$25000 OR MORE,2,1
2018,1926,AVERAGE,"$25,000 or more",$25000 OR MORE,3,5
2018,1928,AVERAGE,"$25,000 or more",$5000 TO 5999,1,5
2018,1929,AVERAGE,.r:  Refused,.r:  Refused,2,2
2018,1933,BELOW AVERAGE,.r:  Refused,.i:  Inapplicable,3,1
2018,1948,ABOVE AVERAGE,"$10,000 to $14,999",$8000 TO 9999,2,3
2018,1952,AVERAGE,"$25,000 or more",$25000 OR MORE,2,1
2018,1956,BELOW AVERAGE,"$25,000 or more",$25000 OR MORE,2,2
2018,1957,ABOVE AVERAGE,"$25,000 or more",$25000 OR MORE,2,4
2018,1961,BELOW AVERAGE,"$25,000 or more",$15000 - 19999,1,7
2018,1964,FAR BELOW AVERAGE,"$25,000 or more",$1000 TO 2999,3,4
2018,1969,ABOVE AVERAGE,"$20,000 to $24,999",$20000 - 24999,2,25
2018,1972,AVERAGE,"$25,000 or more",$25000 OR MORE,2,3
2018,1975,BELOW AVERAGE,.r:  Refused,$7000 TO 7999,2,3
2018,1978,BELOW AVERAGE,"$25,000 or more",.i:  Inapplicable,3,1
2018,1979,FAR BELOW AVERAGE,"$8,000 to $9,999",$7000 TO 7999,1,2
2018,1986,BELOW AVERAGE,"$25,000 or more",$5000 TO 5999,3,2
2018,2004,AVERAGE,"$25,000 or more",$25000 OR MORE,2,3
2018,2007,BELOW AVERAGE,"$10,000 to $14,999",.i:  Inapplicable,1,22
2018,2008,AVERAGE,"$25,000 or more",$25000 OR MORE,2,3
2018,2013,BELOW AVERAGE,"$15,000 to $19,999",$15000 - 19999,2,7
2018,2016,ABOVE AVERAGE,"$20,000 to $24,999",$20000 - 24999,2,1
2018,2024,FAR ABOVE AVERAGE,"$25,000 or more",$25000 OR MORE,1,4
2018,2027,AVERAGE,"$25,000 or more",$25000 OR MORE,1,1
2018,2032,BELOW AVERAGE,"$25,000 or more",$25000 OR MORE,2,2
2018,2034,AVERAGE,"$25,000 or more",$20000 - 24999,3,4
2018,2036,BELOW AVERAGE,"$25,000 or more",$25000 OR MORE,2,15
2018,2037,BELOW AVERAGE,"$25,000 or more",$25000 OR MORE,2,3
2018,2040,BELOW AVERAGE,"$25,000 or more",$25000 OR MORE,2,1
2018,2043,BELOW AVERAGE,"$25,000 or more",$25000 OR MORE,2,NA
2018,2044,BELOW AVERAGE,"$25,000 or more",$25000 OR MORE,2,3
2018,2051,AVERAGE,"$25,000 or more",$25000 OR MORE,2,1
2018,2055,BELOW AVERAGE,"$25,000 or more",$4000 TO 4999,1,3
2018,2056,ABOVE AVERAGE,"$25,000 or more",$25000 OR MORE,1,2
2018,2063,BELOW AVERAGE,"$25,000 or more",$15000 - 19999,1,5
2018,2069,.d:  Do not Know/Cannot Choose,"$25,000 or more",$25000 OR MORE,1,15
2018,2077,BELOW AVERAGE,"$25,000 or more",$25000 OR MORE,2,3
2018,2080,BELOW AVERAGE,"$25,000 or more",$20000 - 24999,3,1
2018,2081,BELOW AVERAGE,"$10,000 to $14,999",$10000 - 14999,2,16
2018,2082,AVERAGE,"$25,000 or more",$10000 - 14999,2,5
2018,2083,BELOW AVERAGE,"$25,000 or more",$20000 - 24999,3,2
2018,2088,BELOW AVERAGE,"$25,000 or more",$25000 OR MORE,2,4
2018,2092,ABOVE AVERAGE,"$25,000 or more",$25000 OR MORE,2,5
2018,2103,AVERAGE,"$25,000 or more",$25000 OR MORE,2,3
2018,2122,AVERAGE,"$20,000 to $24,999",.i:  Inapplicable,2,2
2018,2128,AVERAGE,"$25,000 or more",$25000 OR MORE,2,3
2018,2133,BELOW AVERAGE,"$25,000 or more",$25000 OR MORE,3,15
2018,2135,FAR BELOW AVERAGE,"$25,000 or more",$20000 - 24999,3,1
2018,2154,BELOW AVERAGE,"$25,000 or more",.i:  Inapplicable,2,1
2018,2157,AVERAGE,"$25,000 or more",$25000 OR MORE,2,2
2018,2159,BELOW AVERAGE,"Under $1,000",LT $1000,2,2
2018,2160,ABOVE AVERAGE,"$25,000 or more",$25000 OR MORE,2,5
2018,2165,AVERAGE,"$25,000 or more",.i:  Inapplicable,1,2
2018,2167,ABOVE AVERAGE,"$25,000 or more",$25000 OR MORE,2,1
2018,2172,AVERAGE,"$25,000 or more",LT $1000,3,5
2018,2173,BELOW AVERAGE,"$25,000 or more",$25000 OR MORE,2,15
2018,2178,AVERAGE,"$20,000 to $24,999",$10000 - 14999,1,NA
2018,2181,FAR BELOW AVERAGE,"$25,000 or more",$8000 TO 9999,2,7
2018,2187,BELOW AVERAGE,"$25,000 or more",$25000 OR MORE,3,2
2018,2190,AVERAGE,"$25,000 or more",$25000 OR MORE,2,2
2018,2193,ABOVE AVERAGE,"$10,000 to $14,999",$10000 - 14999,2,7
2018,2197,BELOW AVERAGE,"$25,000 or more",.i:  Inapplicable,3,2
2018,2201,BELOW AVERAGE,"$20,000 to $24,999",$4000 TO 4999,2,3
2018,2202,BELOW AVERAGE,"$25,000 or more",.i:  Inapplicable,2,3
2018,2204,AVERAGE,"$15,000 to $19,999",.i:  Inapplicable,2,15
2018,2206,AVERAGE,"$25,000 or more",$25000 OR MORE,1,3
2018,2208,BELOW AVERAGE,"$8,000 to $9,999",.i:  Inapplicable,2,3
2018,2211,ABOVE AVERAGE,"$25,000 or more",$25000 OR MORE,2,5
2018,2225,AVERAGE,"$20,000 to $24,999",.i:  Inapplicable,2,3
2018,2226,AVERAGE,"$25,000 or more",$25000 OR MORE,2,2
2018,2227,BELOW AVERAGE,"$25,000 or more",$25000 OR MORE,3,5
2018,2228,BELOW AVERAGE,"$25,000 or more",$25000 OR MORE,3,1
2018,2230,AVERAGE,"$25,000 or more",$20000 - 24999,2,5
2018,2233,AVERAGE,"$15,000 to $19,999",$15000 - 19999,1,2
2018,2234,AVERAGE,"Under $1,000",.i:  Inapplicable,2,15
2018,2238,BELOW AVERAGE,"$25,000 or more",.i:  Inapplicable,1,15
2018,2242,BELOW AVERAGE,"$25,000 or more",$10000 - 14999,2,5
2018,2252,AVERAGE,"$25,000 or more",$25000 OR MORE,3,5
2018,2256,AVERAGE,"$25,000 or more",$25000 OR MORE,2,5
2018,2257,BELOW AVERAGE,"$10,000 to $14,999",$10000 - 14999,3,15
2018,2261,AVERAGE,"$25,000 or more",$25000 OR MORE,1,4
2018,2275,ABOVE AVERAGE,"$25,000 or more",$25000 OR MORE,2,15
2018,2276,AVERAGE,"$25,000 or more",$1000 TO 2999,2,2
2018,2286,AVERAGE,"$25,000 or more",$25000 OR MORE,3,8
2018,2292,AVERAGE,"$6,000 to $6,999",.i:  Inapplicable,2,1
2018,2297,AVERAGE,"$25,000 or more",$25000 OR MORE,1,7
2018,2298,FAR BELOW AVERAGE,"$8,000 to $9,999",$3000 TO 3999,2,2
2018,2302,AVERAGE,"$20,000 to $24,999",$20000 - 24999,2,14
2018,2306,AVERAGE,"$25,000 or more",$25000 OR MORE,2,2
2018,2308,BELOW AVERAGE,"$10,000 to $14,999",$20000 - 24999,2,3
2018,2336,AVERAGE,"$25,000 or more",$25000 OR MORE,2,3
2018,2340,BELOW AVERAGE,"$25,000 or more",$25000 OR MORE,2,2
